Module	KO
M00001	K00844
M00001	K12407
M00001	K00845
M00001	K00886
M00001	K08074
M00001	K00918
M00001	K01810
M00001	K06859
M00001	K13810
M00001	K15916
M00001	K00850
M00001	K16370
M00001	K00918
M00001	K01623
M00001	K01624
M00001	K11645
M00001	K16305
M00001	K16306
M00001	K01803
M00001	K00134
M00001	K00150
M00001	K00927
M00001	K11389
M00001	K01834
M00001	K15633
M00001	K15634
M00001	K15635
M00001	K01689
M00001	K00873
M00001	K12406
M00002	K01803
M00002	K00134
M00002	K00150
M00002	K00927
M00002	K11389
M00002	K01834
M00002	K15633
M00002	K15634
M00002	K15635
M00002	K01689
M00002	K00873
M00002	K12406
M00003	K01596
M00003	K01610
M00003	K01689
M00003	K01834
M00003	K15633
M00003	K15634
M00003	K15635
M00003	K00927
M00003	K00134
M00003	K00150
M00003	K01803
M00003	K01623
M00003	K01624
M00003	K11645
M00003	K03841
M00003	K02446
M00003	K11532
M00003	K01086
M00003	K04041
M00003	K01622
M00004	K13937
M00004	K00036
M00004	K19243
M00004	K01057
M00004	K07404
M00004	K00033
M00004	K01783
M00004	K01807
M00004	K01808
M00004	K00615
M00004	K00616
M00004	K01810
M00004	K06859
M00004	K13810
M00004	K15916
M00005	K00948
M00006	K13937
M00006	K00036
M00006	K19243
M00006	K01057
M00006	K07404
M00006	K00033
M00007	K00615
M00007	K00616
M00007	K13810
M00007	K01783
M00007	K01807
M00007	K01808
M00008	K00036
M00008	K01057
M00008	K07404
M00008	K01690
M00008	K01625
M00009	K01647
M00009	K05942
M00009	K01681
M00009	K01682
M00009	K00031
M00009	K00030
M00009	K00164
M00009	K00658
M00009	K00382
M00009	K00174
M00009	K00175
M00009	K00177
M00009	K00176
M00009	K01902
M00009	K01903
M00009	K01899
M00009	K01900
M00009	K18118
M00009	K00234
M00009	K00235
M00009	K00236
M00009	K00237
M00009	K00239
M00009	K00240
M00009	K00241
M00009	K00242
M00009	K18859
M00009	K18860
M00009	K00244
M00009	K00245
M00009	K00246
M00009	K00247
M00009	K01676
M00009	K01679
M00009	K01677
M00009	K01678
M00009	K00026
M00009	K00025
M00009	K00024
M00009	K00116
M00010	K01647
M00010	K05942
M00010	K01681
M00010	K01682
M00010	K00031
M00010	K00030
M00011	K00164
M00011	K00658
M00011	K00382
M00011	K00174
M00011	K00175
M00011	K00177
M00011	K00176
M00011	K01902
M00011	K01903
M00011	K01899
M00011	K01900
M00011	K18118
M00011	K00234
M00011	K00235
M00011	K00236
M00011	K00237
M00011	K00239
M00011	K00240
M00011	K00241
M00011	K00242
M00011	K18859
M00011	K18860
M00011	K00244
M00011	K00245
M00011	K00246
M00011	K00247
M00011	K01676
M00011	K01679
M00011	K01677
M00011	K01678
M00011	K00026
M00011	K00025
M00011	K00024
M00011	K00116
M00012	K01647
M00012	K01681
M00012	K01682
M00012	K01637
M00012	K01638
M00012	K19282
M00012	K00026
M00012	K00025
M00012	K00024
M00013	K00249
M00013	K07511
M00013	K07514
M00013	K07515
M00013	K14729
M00013	K05605
M00013	K23146
M00013	K00140
M00014	K00012
M00014	K12447
M00014	K16190
M00014	K00699
M00014	K01195
M00014	K14756
M00014	K00002
M00014	K13247
M00014	K03331
M00014	K05351
M00014	K00008
M00014	K00854
M00015	K00931
M00015	K00147
M00015	K12657
M00015	K00286
M00016	K00928
M00016	K12524
M00016	K12525
M00016	K12526
M00016	K00133
M00016	K01714
M00016	K00215
M00016	K00674
M00016	K00821
M00016	K14267
M00016	K01439
M00016	K01778
M00016	K01586
M00016	K12526
M00017	K00928
M00017	K12524
M00017	K12525
M00017	K12526
M00017	K00133
M00017	K00003
M00017	K12524
M00017	K12525
M00017	K00651
M00017	K01739
M00017	K01760
M00017	K00548
M00017	K00549
M00018	K00928
M00018	K12524
M00018	K12525
M00018	K12526
M00018	K00133
M00018	K00003
M00018	K12524
M00018	K12525
M00018	K00872
M00018	K02204
M00018	K02203
M00018	K01733
M00019	K01652
M00019	K01653
M00019	K11258
M00019	K00053
M00019	K01687
M00019	K00826
M00020	K00058
M00020	K00831
M00020	K01079
M00021	K00640
M00021	K23304
M00021	K01738
M00021	K13034
M00021	K17069
M00022	K01626
M00022	K03856
M00022	K13853
M00022	K01735
M00022	K13829
M00022	K03785
M00022	K03786
M00022	K00014
M00022	K13832
M00022	K13830
M00022	K00891
M00022	K13829
M00022	K00800
M00022	K13830
M00022	K01736
M00023	K01657
M00023	K01658
M00023	K13503
M00023	K13501
M00023	K01656
M00023	K00766
M00023	K13497
M00023	K01817
M00023	K01656
M00023	K01609
M00023	K13498
M00023	K13501
M00023	K01695
M00023	K01696
M00023	K06001
M00023	K01694
M00024	K01850
M00024	K04092
M00024	K14187
M00024	K04093
M00024	K04516
M00024	K06208
M00024	K06209
M00024	K13853
M00024	K01713
M00024	K04518
M00024	K05359
M00024	K14170
M00024	K00832
M00024	K00838
M00025	K01850
M00025	K04092
M00025	K14170
M00025	K04093
M00025	K04516
M00025	K06208
M00025	K06209
M00025	K13853
M00025	K00210
M00025	K04517
M00025	K14187
M00025	K00815
M00025	K00832
M00025	K00838
M00026	K00765
M00026	K02502
M00026	K01523
M00026	K01496
M00026	K11755
M00026	K14152
M00026	K01814
M00026	K02501
M00026	K02500
M00026	K01663
M00026	K01693
M00026	K00817
M00026	K04486
M00026	K05602
M00026	K18649
M00026	K01089
M00026	K00817
M00026	K00013
M00026	K14152
M00027	K01580
M00027	K13524
M00027	K07250
M00027	K00823
M00027	K16871
M00027	K00135
M00027	K00139
M00027	K17761
M00028	K00618
M00028	K00619
M00028	K14681
M00028	K14682
M00028	K00620
M00028	K22477
M00028	K22478
M00028	K00930
M00028	K22478
M00028	K00145
M00028	K12659
M00028	K00818
M00028	K00821
M00028	K01438
M00028	K14677
M00028	K00620
M00029	K01948
M00029	K00611
M00029	K01940
M00029	K01755
M00029	K14681
M00029	K01476
M00030	K01655
M00030	K17450
M00030	K01705
M00030	K05824
M00030	K00838
M00030	K00143
M00030	K00293
M00030	K00290
M00031	K05826
M00031	K05827
M00031	K05828
M00031	K05829
M00031	K05830
M00031	K05831
M00032	K00290
M00032	K00293
M00032	K14157
M00032	K14085
M00032	K00825
M00032	K15791
M00032	K00658
M00032	K00382
M00032	K00252
M00032	K01825
M00032	K01782
M00032	K07514
M00032	K01692
M00032	K07515
M00032	K07511
M00032	K00022
M00033	K00928
M00033	K00133
M00033	K00836
M00033	K06718
M00033	K06720
M00034	K00789
M00034	K01611
M00034	K00797
M00034	K01243
M00034	K18284
M00034	K01244
M00034	K00899
M00034	K00772
M00034	K08963
M00034	K16054
M00034	K08964
M00034	K09880
M00034	K08965
M00034	K08966
M00034	K08967
M00034	K00815
M00034	K08969
M00034	K00832
M00034	K00838
M00035	K00789
M00035	K00558
M00035	K17398
M00035	K17399
M00035	K01251
M00035	K01697
M00035	K10150
M00036	K00826
M00036	K00166
M00036	K00167
M00036	K11381
M00036	K09699
M00036	K00382
M00036	K00253
M00036	K00249
M00036	K01968
M00036	K01969
M00036	K05607
M00036	K13766
M00036	K01640
M00037	K00502
M00037	K01593
M00037	K00669
M00037	K22450
M00037	K00543
M00038	K00453
M00038	K00463
M00038	K01432
M00038	K14263
M00038	K07130
M00038	K00486
M00038	K01556
M00038	K00452
M00038	K03392
M00038	K10217
M00038	K23234
M00039	K10775
M00039	K13064
M00039	K00487
M00039	K01904
M00039	K13065
M00039	K09754
M00039	K00588
M00039	K09753
M00039	K09755
M00039	K13066
M00039	K00083
M00040	K00832
M00040	K15849
M00040	K00220
M00040	K15226
M00040	K15227
M00042	K00505
M00042	K00501
M00042	K01592
M00042	K01593
M00042	K00503
M00042	K00553
M00043	K00431
M00044	K00815
M00044	K00838
M00044	K03334
M00044	K00457
M00044	K00451
M00044	K01800
M00044	K01555
M00044	K16171
M00045	K01745
M00045	K01712
M00045	K01468
M00045	K01479
M00045	K00603
M00045	K13990
M00045	K05603
M00045	K01458
M00046	K00207
M00046	K17722
M00046	K17723
M00046	K01464
M00046	K01431
M00046	K06016
M00047	K00613
M00047	K00542
M00047	K00933
M00048	K00764
M00048	K01945
M00048	K11787
M00048	K11788
M00048	K13713
M00048	K00601
M00048	K11175
M00048	K08289
M00048	K11787
M00048	K01492
M00048	K01952
M00048	K23269
M00048	K23264
M00048	K23265
M00048	K23270
M00048	K23265
M00048	K01933
M00048	K11787
M00048	K11788
M00048	K01587
M00048	K11808
M00048	K01589
M00048	K01588
M00048	K01923
M00048	K01587
M00048	K13713
M00048	K01756
M00048	K00602
M00048	K01492
M00048	K06863
M00048	K11176
M00049	K01939
M00049	K01756
M00049	K00939
M00049	K18532
M00049	K18533
M00049	K00944
M00049	K00940
M00049	K00873
M00049	K12406
M00050	K00088
M00050	K01951
M00050	K00942
M00050	K00940
M00050	K00873
M00050	K12406
M00051	K11540
M00051	K11541
M00051	K01465
M00051	K01954
M00051	K01955
M00051	K01956
M00051	K00609
M00051	K00610
M00051	K00608
M00051	K01465
M00051	K00226
M00051	K00254
M00051	K17828
M00051	K13421
M00051	K00762
M00051	K01591
M00052	K13800
M00052	K13809
M00052	K00945
M00052	K13799
M00052	K00940
M00052	K18533
M00052	K01937
M00053	K00524
M00053	K00525
M00053	K00526
M00053	K10807
M00053	K10808
M00053	K00940
M00053	K18533
M00053	K00527
M00053	K21636
M00053	K01494
M00053	K01520
M00053	K00560
M00053	K13998
M00053	K00943
M00053	K00940
M00055	K01001
M00055	K07432
M00055	K07441
M00055	K03842
M00055	K03843
M00055	K03844
M00055	K03845
M00055	K03846
M00055	K03847
M00055	K03846
M00055	K00729
M00055	K03848
M00055	K03849
M00055	K03850
M00056	K00710
M00056	K00731
M00056	K09653
M00056	K00727
M00056	K09662
M00056	K09663
M00056	K00739
M00057	K00771
M00057	K00733
M00057	K00734
M00057	K10158
M00058	K00746
M00058	K13499
M00058	K00747
M00058	K03419
M00059	K02369
M00059	K02370
M00059	K02366
M00059	K02367
M00059	K02368
M00059	K02370
M00059	K02576
M00059	K02577
M00059	K02578
M00059	K02579
M00059	K01793
M00060	K00677
M00060	K02535
M00060	K02536
M00060	K03269
M00060	K00748
M00060	K00912
M00060	K02527
M00060	K02517
M00060	K02560
M00061	K01812
M00061	K00040
M00061	K01686
M00061	K08323
M00061	K00874
M00061	K01625
M00061	K17463
M00063	K06041
M00063	K01627
M00063	K03270
M00063	K00979
M00064	K03271
M00064	K03272
M00064	K21344
M00064	K03273
M00064	K03272
M00064	K21345
M00064	K03274
M00065	K03857
M00065	K03434
M00065	K05283
M00065	K05284
M00065	K07542
M00065	K05285
M00065	K05286
M00065	K05288
M00066	K00720
M00066	K07553
M00067	K04628
M00067	K01019
M00068	K01988
M00068	K00719
M00069	K03370
M00069	K03371
M00069	K03369
M00070	K03766
M00070	K07819
M00070	K07820
M00070	K03877
M00071	K03766
M00071	K07966
M00071	K07967
M00071	K07968
M00071	K07969
M00072	K07151
M00072	K12666
M00072	K12667
M00072	K12668
M00072	K12669
M00072	K12670
M00072	K00730
M00072	K12691
M00073	K01228
M00073	K05546
M00073	K01230
M00074	K05546
M00074	K01230
M00074	K05528
M00074	K05529
M00074	K05530
M00074	K05529
M00074	K05531
M00074	K05532
M00074	K05533
M00074	K05534
M00074	K05535
M00075	K01231
M00075	K00736
M00075	K00737
M00075	K00738
M00075	K00744
M00075	K09661
M00075	K13748
M00075	K00717
M00075	K07966
M00075	K07967
M00075	K07968
M00075	K00778
M00075	K00779
M00076	K01136
M00076	K01217
M00076	K01135
M00076	K01197
M00076	K01195
M00077	K01135
M00077	K01197
M00077	K01195
M00077	K01132
M00078	K07964
M00078	K07965
M00078	K01136
M00078	K01217
M00078	K01565
M00078	K10532
M00078	K01205
M00078	K01195
M00078	K01137
M00079	K01132
M00079	K12309
M00079	K01137
M00079	K12373
M00081	K01051
M00081	K01184
M00081	K01213
M00082	K11262
M00082	K02160
M00082	K01961
M00082	K11263
M00082	K01962
M00082	K01963
M00082	K18472
M00082	K00665
M00082	K00667
M00082	K00668
M00082	K11533
M00082	K00645
M00082	K00648
M00082	K18473
M00083	K00665
M00083	K00667
M00083	K00668
M00083	K11533
M00083	K00647
M00083	K09458
M00083	K00059
M00083	K02372
M00083	K01716
M00083	K16363
M00083	K00208
M00083	K02371
M00083	K10780
M00083	K00209
M00085	K07508
M00085	K07509
M00085	K00022
M00085	K07511
M00085	K07515
M00085	K07512
M00086	K01897
M00086	K15013
M00087	K00232
M00087	K00249
M00087	K00255
M00087	K06445
M00087	K09479
M00087	K01692
M00087	K07511
M00087	K13767
M00087	K00022
M00087	K07516
M00087	K01825
M00087	K01782
M00087	K07514
M00087	K07515
M00087	K10527
M00087	K00632
M00087	K07508
M00087	K07509
M00087	K07513
M00088	K00626
M00088	K01641
M00088	K01640
M00088	K00019
M00088	K01574
M00089	K00629
M00089	K13506
M00089	K13507
M00089	K00630
M00089	K13508
M00089	K00631
M00089	K03621
M00089	K08591
M00089	K00655
M00089	K13509
M00089	K13523
M00089	K19007
M00089	K13513
M00089	K13517
M00089	K13519
M00089	K14674
M00089	K22831
M00089	K01080
M00089	K15728
M00089	K18693
M00089	K11155
M00089	K11160
M00089	K14456
M00089	K22848
M00089	K22849
M00089	K00635
M00089	K18851
M00090	K00866
M00090	K14156
M00090	K00968
M00090	K00994
M00090	K13644
M00091	K00551
M00091	K16369
M00091	K00550
M00091	K00570
M00092	K00894
M00092	K14156
M00092	K00967
M00092	K00993
M00092	K13644
M00093	K00981
M00093	K00998
M00093	K17103
M00093	K01613
M00094	K00654
M00094	K04708
M00094	K04709
M00094	K04710
M00094	K04712
M00095	K00626
M00095	K01641
M00095	K00021
M00095	K00869
M00095	K00938
M00095	K13273
M00095	K01597
M00095	K01823
M00096	K01662
M00096	K00099
M00096	K00991
M00096	K12506
M00096	K00919
M00096	K01770
M00096	K12506
M00096	K03526
M00096	K03527
M00096	K01823
M00097	K02291
M00097	K02293
M00097	K15744
M00097	K00514
M00097	K09835
M00097	K06443
M00098	K01046
M00098	K12298
M00098	K16816
M00098	K13534
M00098	K14073
M00098	K14074
M00098	K14075
M00098	K14076
M00098	K22283
M00098	K14452
M00098	K22284
M00098	K14674
M00098	K14675
M00098	K17900
M00098	K01054
M00099	K00654
M00099	K04708
M00099	K04709
M00099	K04710
M00099	K04712
M00099	K01441
M00099	K12348
M00099	K12349
M00100	K04718
M00100	K01634
M00101	K01852
M00101	K05917
M00101	K00222
M00101	K07750
M00101	K07748
M00101	K09827
M00101	K13373
M00101	K09828
M00101	K01824
M00101	K00227
M00101	K00213
M00102	K00559
M00102	K09829
M00102	K00227
M00102	K09831
M00102	K00223
M00103	K07419
M00103	K07438
M00104	K00489
M00104	K12408
M00104	K07431
M00104	K00251
M00104	K00037
M00104	K00488
M00104	K08748
M00104	K01796
M00104	K10214
M00104	K12405
M00104	K08764
M00104	K11992
M00106	K08748
M00106	K00659
M00107	K00498
M00107	K00070
M00107	K01822
M00108	K00513
M00108	K00497
M00108	K07433
M00108	K07433
M00109	K00512
M00109	K00513
M00109	K00497
M00109	K07433
M00109	K15680
M00109	K00071
M00110	K00512
M00110	K00070
M00110	K01822
M00110	K07434
M00112	K09833
M00112	K12502
M00112	K18534
M00112	K09834
M00112	K05928
M00113	K00454
M00113	K01723
M00113	K10525
M00113	K05894
M00113	K10526
M00113	K00232
M00113	K10527
M00113	K00632
M00113	K07513
M00114	K01810
M00114	K06859
M00114	K13810
M00114	K01809
M00114	K16011
M00114	K15916
M00114	K16881
M00114	K17497
M00114	K01840
M00114	K15778
M00114	K00966
M00114	K00971
M00114	K16011
M00114	K10046
M00114	K14190
M00114	K10047
M00114	K18649
M00114	K00064
M00114	K17744
M00114	K00225
M00115	K00278
M00115	K03517
M00115	K00767
M00115	K00969
M00115	K06210
M00115	K01916
M00115	K01950
M00116	K01851
M00116	K02552
M00116	K02361
M00116	K02551
M00116	K08680
M00116	K02549
M00116	K14759
M00116	K01911
M00116	K14760
M00116	K01661
M00116	K12073
M00116	K19222
M00116	K02548
M00116	K03183
M00117	K03181
M00117	K18240
M00117	K03179
M00117	K03182
M00117	K03186
M00117	K18800
M00117	K00568
M00117	K03185
M00117	K03183
M00117	K03184
M00117	K00568
M00118	K11204
M00118	K11205
M00118	K01919
M00118	K21456
M00118	K01920
M00119	K00826
M00119	K00606
M00119	K00077
M00119	K01579
M00119	K01918
M00119	K13799
M00120	K00867
M00120	K03525
M00120	K09680
M00120	K01947
M00120	K01922
M00120	K21977
M00120	K01598
M00120	K13038
M00120	K02318
M00120	K00954
M00120	K02201
M00120	K00859
M00121	K01885
M00121	K14163
M00121	K02492
M00121	K01845
M00121	K01698
M00121	K01749
M00121	K01719
M00121	K13542
M00121	K13543
M00121	K01599
M00121	K00228
M00121	K02495
M00121	K00230
M00121	K00231
M00121	K01772
M00122	K00798
M00122	K19221
M00122	K02232
M00122	K02225
M00122	K02227
M00122	K02231
M00122	K00768
M00122	K02226
M00122	K22316
M00122	K02233
M00123	K00652
M00123	K00833
M00123	K19563
M00123	K01935
M00123	K19562
M00123	K01012
M00124	K03472
M00124	K03473
M00124	K00831
M00124	K00097
M00124	K03474
M00124	K00275
M00125	K01497
M00125	K14652
M00125	K01498
M00125	K00082
M00125	K11752
M00125	K22912
M00125	K20860
M00125	K20861
M00125	K20862
M00125	K21063
M00125	K21064
M00125	K02858
M00125	K14652
M00125	K00794
M00125	K00793
M00125	K00861
M00125	K20884
M00125	K00953
M00125	K22949
M00125	K11753
M00126	K01495
M00126	K09007
M00126	K22391
M00126	K01077
M00126	K01113
M00126	K08310
M00126	K19965
M00126	K13939
M00126	K13940
M00126	K01633
M00126	K00950
M00126	K00796
M00126	K01633
M00126	K13941
M00126	K11754
M00126	K20457
M00126	K00287
M00126	K13998
M00127	K03147
M00127	K00877
M00127	K00941
M00127	K14153
M00127	K00878
M00127	K14154
M00127	K00788
M00127	K14153
M00127	K14154
M00127	K00946
M00128	K06125
M00128	K00591
M00128	K06126
M00128	K06127
M00128	K06134
M00128	K00591
M00129	K00963
M00129	K00012
M00129	K00699
M00129	K01195
M00129	K14756
M00129	K00002
M00129	K01053
M00129	K00103
M00130	K00888
M00130	K19801
M00130	K13711
M00130	K00889
M00130	K13712
M00130	K01116
M00130	K05857
M00130	K05858
M00130	K05859
M00130	K05860
M00130	K05861
M00130	K00911
M00131	K01106
M00131	K01107
M00131	K15422
M00131	K01109
M00131	K01092
M00131	K15759
M00131	K10047
M00131	K18649
M00132	K00913
M00132	K01765
M00132	K00915
M00132	K10572
M00133	K01583
M00133	K01584
M00133	K01585
M00133	K02626
M00133	K01480
M00133	K01611
M00133	K00797
M00134	K01476
M00134	K01581
M00135	K00657
M00135	K00274
M00135	K00128
M00135	K14085
M00135	K00149
M00136	K09470
M00136	K09471
M00136	K09472
M00136	K09473
M00137	K10775
M00137	K00487
M00137	K01904
M00137	K00660
M00137	K01859
M00138	K00475
M00138	K13082
M00138	K05277
M00140	K00600
M00140	K01491
M00140	K00300
M00140	K01500
M00140	K01938
M00141	K00600
M00141	K00288
M00141	K13403
M00141	K13402
M00142	K03878
M00142	K03879
M00142	K03880
M00142	K03881
M00142	K03882
M00142	K03883
M00142	K03884
M00143	K03934
M00143	K03935
M00143	K03936
M00143	K03937
M00143	K03938
M00143	K03939
M00143	K03940
M00143	K03941
M00143	K03942
M00143	K03943
M00143	K03944
M00144	K00330
M00144	K00331
M00144	K00332
M00144	K00333
M00144	K00331
M00144	K13378
M00144	K13380
M00144	K00334
M00144	K00335
M00144	K00336
M00144	K00337
M00144	K00338
M00144	K00339
M00144	K00340
M00144	K00341
M00144	K00342
M00144	K15863
M00144	K00343
M00145	K05574
M00145	K05582
M00145	K05581
M00145	K05579
M00145	K05572
M00145	K05580
M00145	K05578
M00145	K05576
M00145	K05577
M00145	K05575
M00145	K05573
M00145	K05583
M00145	K05584
M00145	K05585
M00146	K03945
M00146	K03946
M00146	K03947
M00146	K03948
M00146	K03949
M00146	K03950
M00146	K03951
M00146	K03952
M00146	K03953
M00146	K03954
M00146	K03955
M00146	K03956
M00146	K11352
M00146	K11353
M00147	K03957
M00147	K03958
M00147	K03959
M00147	K03960
M00147	K03961
M00147	K03962
M00147	K03963
M00147	K03964
M00147	K03965
M00147	K03966
M00147	K11351
M00147	K03967
M00147	K03968
M00148	K00236
M00148	K00237
M00148	K00234
M00148	K00235
M00149	K00241
M00149	K00242
M00149	K00239
M00149	K00240
M00150	K00244
M00150	K00245
M00150	K00246
M00150	K00247
M00151	K00412
M00151	K00413
M00151	K00410
M00151	K00411
M00151	K03886
M00151	K03887
M00151	K03888
M00151	K03890
M00151	K03891
M00151	K03889
M00152	K00412
M00152	K00413
M00152	K00410
M00152	K00411
M00152	K00414
M00152	K00415
M00152	K00416
M00152	K00417
M00152	K00418
M00152	K00419
M00152	K00420
M00153	K00425
M00153	K00426
M00153	K00424
M00153	K22501
M00154	K02257
M00154	K02262
M00154	K02256
M00154	K02261
M00154	K02263
M00154	K02264
M00154	K02265
M00154	K02266
M00154	K02267
M00154	K02268
M00154	K02269
M00154	K02270
M00154	K02271
M00154	K02272
M00154	K02273
M00154	K02258
M00154	K02259
M00154	K02260
M00155	K02275
M00155	K02274
M00155	K02276
M00155	K15408
M00155	K02277
M00156	K00404
M00156	K00405
M00156	K15862
M00156	K00407
M00156	K00406
M00157	K02111
M00157	K02112
M00157	K02113
M00157	K02114
M00157	K02115
M00157	K02108
M00157	K02109
M00157	K02110
M00158	K02132
M00158	K02133
M00158	K02136
M00158	K02134
M00158	K02135
M00158	K02137
M00158	K02126
M00158	K02127
M00158	K02128
M00158	K02138
M00158	K02129
M00158	K01549
M00158	K02130
M00158	K02139
M00158	K02140
M00158	K02141
M00158	K02131
M00158	K02142
M00158	K02143
M00158	K02125
M00159	K02117
M00159	K02118
M00159	K02119
M00159	K02120
M00159	K02121
M00159	K02122
M00159	K02107
M00159	K02123
M00159	K02124
M00160	K02145
M00160	K02147
M00160	K02148
M00160	K02149
M00160	K02150
M00160	K02151
M00160	K02152
M00160	K02144
M00160	K02154
M00160	K03661
M00160	K02155
M00160	K02146
M00160	K02153
M00160	K03662
M00161	K02703
M00161	K02706
M00161	K02705
M00161	K02704
M00161	K02707
M00161	K02708
M00162	K02635
M00162	K02637
M00162	K02634
M00162	K02636
M00162	K02642
M00162	K02643
M00162	K03689
M00162	K02640
M00163	K02689
M00163	K02690
M00163	K02691
M00163	K02692
M00163	K02693
M00163	K02694
M00165	K00855
M00165	K01601
M00165	K01602
M00165	K00927
M00165	K05298
M00165	K00150
M00165	K00134
M00165	K01623
M00165	K01624
M00165	K03841
M00165	K02446
M00165	K11532
M00165	K01086
M00165	K04041
M00165	K00615
M00165	K01623
M00165	K01624
M00165	K01100
M00165	K11532
M00165	K01086
M00165	K00615
M00165	K01807
M00165	K01808
M00166	K00855
M00166	K01601
M00166	K01602
M00166	K00927
M00166	K05298
M00166	K00150
M00166	K00134
M00167	K01623
M00167	K01624
M00167	K03841
M00167	K02446
M00167	K11532
M00167	K01086
M00167	K04041
M00167	K00615
M00167	K01623
M00167	K01624
M00167	K01100
M00167	K11532
M00167	K01086
M00167	K00615
M00167	K01807
M00167	K01808
M00168	K01595
M00168	K00025
M00168	K00026
M00168	K00024
M00169	K00029
M00169	K01006
M00170	K01595
M00170	K14454
M00170	K14455
M00170	K01610
M00171	K01595
M00171	K14454
M00171	K14455
M00171	K00025
M00171	K00026
M00171	K00028
M00171	K00814
M00171	K14272
M00171	K01006
M00172	K01595
M00172	K00051
M00172	K00029
M00172	K01006
M00173	K00169
M00173	K00170
M00173	K00171
M00173	K00172
M00173	K03737
M00173	K01007
M00173	K01006
M00173	K01595
M00173	K01959
M00173	K01960
M00173	K01958
M00173	K00024
M00173	K01676
M00173	K01679
M00173	K01677
M00173	K01678
M00173	K00239
M00173	K00240
M00173	K00241
M00173	K00242
M00173	K00244
M00173	K00245
M00173	K00246
M00173	K00247
M00173	K18556
M00173	K18557
M00173	K18558
M00173	K18559
M00173	K18560
M00173	K01902
M00173	K01903
M00173	K00174
M00173	K00175
M00173	K00177
M00173	K00176
M00173	K00031
M00173	K01681
M00173	K01682
M00173	K15230
M00173	K15231
M00173	K15232
M00173	K15233
M00173	K15234
M00174	K10944
M00174	K10945
M00174	K10946
M00174	K16157
M00174	K16158
M00174	K16159
M00174	K16160
M00174	K16161
M00174	K16162
M00174	K14028
M00174	K14029
M00174	K17066
M00175	K02588
M00175	K02586
M00175	K02591
M00175	K00531
M00175	K22896
M00175	K22897
M00175	K22898
M00175	K22899
M00176	K13811
M00176	K00958
M00176	K00860
M00176	K00955
M00176	K00957
M00176	K00956
M00176	K00957
M00176	K00860
M00176	K00390
M00176	K00380
M00176	K00381
M00176	K00392
M00177	K02981
M00177	K02985
M00177	K02984
M00177	K02987
M00177	K02989
M00177	K02991
M00177	K02993
M00177	K02995
M00177	K02997
M00177	K02947
M00177	K02949
M00177	K02951
M00177	K02953
M00177	K02955
M00177	K02958
M00177	K02957
M00177	K02960
M00177	K02962
M00177	K02964
M00177	K02966
M00177	K02969
M00177	K02971
M00177	K02973
M00177	K02974
M00177	K02975
M00177	K02976
M00177	K02978
M00177	K02977
M00177	K02979
M00177	K02980
M00177	K02983
M00177	K02998
M00177	K02925
M00177	K02930
M00177	K02932
M00177	K02934
M00177	K02937
M00177	K02936
M00177	K02938
M00177	K02940
M00177	K02866
M00177	K02865
M00177	K02868
M00177	K02870
M00177	K02873
M00177	K02872
M00177	K02875
M00177	K02877
M00177	K02880
M00177	K02883
M00177	K02882
M00177	K02885
M00177	K02889
M00177	K02891
M00177	K02894
M00177	K02893
M00177	K02896
M00177	K02898
M00177	K02901
M00177	K02900
M00177	K02903
M00177	K02905
M00177	K02908
M00177	K02910
M00177	K02912
M00177	K02915
M00177	K02918
M00177	K02917
M00177	K02920
M00177	K02922
M00177	K02921
M00177	K02923
M00177	K02924
M00177	K02927
M00177	K02928
M00177	K02929
M00177	K02941
M00177	K02942
M00177	K02943
M00178	K02946
M00178	K02906
M00178	K02926
M00178	K02892
M00178	K02886
M00178	K02965
M00178	K02890
M00178	K02982
M00178	K02878
M00178	K02904
M00178	K02961
M00178	K02874
M00178	K02895
M00178	K02931
M00178	K02954
M00178	K02994
M00178	K02933
M00178	K02881
M00178	K02988
M00178	K02907
M00178	K02876
M00178	K02919
M00178	K02952
M00178	K02948
M00178	K02986
M00178	K02879
M00178	K02871
M00178	K02996
M00178	K02992
M00178	K02950
M00178	K07590
M00178	K02935
M00178	K02864
M00178	K02863
M00178	K02867
M00178	K02967
M00178	K02956
M00178	K02916
M00178	K02887
M00178	K02914
M00178	K02939
M00178	K02963
M00178	K02990
M00178	K02888
M00178	K02899
M00178	K02902
M00178	K02913
M00178	K02911
M00178	K02909
M00178	K02897
M00178	K02959
M00178	K02884
M00178	K02968
M00178	K02945
M00178	K02970
M00179	K02946
M00179	K02906
M00179	K02930
M00179	K02892
M00179	K02886
M00179	K02965
M00179	K02890
M00179	K02982
M00179	K02904
M00179	K02961
M00179	K02874
M00179	K02895
M00179	K02987
M00179	K02931
M00179	K02954
M00179	K02994
M00179	K02933
M00179	K02912
M00179	K02885
M00179	K02881
M00179	K02988
M00179	K02907
M00179	K02876
M00179	K02952
M00179	K02948
M00179	K02986
M00179	K02883
M00179	K02871
M00179	K02996
M00179	K02992
M00179	K02950
M00179	K02936
M00179	K02979
M00179	K02896
M00179	K02869
M00179	K02864
M00179	K02863
M00179	K02867
M00179	K02967
M00179	K02956
M00179	K02978
M00179	K02929
M00179	K02877
M00179	K02984
M00179	K02991
M00179	K02974
M00179	K02977
M00179	K02962
M00179	K02910
M00179	K02924
M00179	K02866
M00179	K02889
M00179	K02922
M00179	K02921
M00179	K02995
M00179	K02966
M00179	K02927
M00179	K02944
M00179	K02976
M00179	K02975
M00179	K02983
M00179	K02873
M00179	K02917
M00179	K02928
M00179	K02915
M00179	K02875
M00179	K02908
M00180	K03006
M00180	K03010
M00180	K03011
M00180	K03008
M00180	K03012
M00180	K03015
M00180	K03017
M00180	K03013
M00180	K03014
M00180	K03016
M00180	K03009
M00180	K03007
M00181	K03018
M00181	K03021
M00181	K03027
M00181	K03020
M00181	K03023
M00181	K03026
M00181	K14721
M00181	K03025
M00181	K03024
M00181	K03022
M00181	K03019
M00181	K03013
M00181	K03014
M00181	K03016
M00181	K03009
M00181	K03007
M00182	K02999
M00182	K03002
M00182	K03027
M00182	K03020
M00182	K03000
M00182	K03001
M00182	K03003
M00182	K03004
M00182	K03005
M00182	K03013
M00182	K03014
M00182	K03016
M00182	K03009
M00182	K03007
M00183	K03040
M00183	K03043
M00183	K03046
M00183	K13797
M00183	K03060
M00183	K03048
M00184	K03042
M00184	K03041
M00184	K03044
M00184	K03045
M00184	K13798
M00184	K03053
M00184	K03055
M00184	K03058
M00184	K03047
M00184	K03049
M00184	K03050
M00184	K03056
M00184	K03059
M00184	K03051
M00184	K03052
M00184	K03054
M00185	K02048
M00185	K23163
M00185	K02046
M00185	K02047
M00185	K02045
M00186	K05772
M00186	K05773
M00186	K06857
M00188	K02051
M00188	K02050
M00188	K02049
M00189	K02020
M00189	K02018
M00189	K02017
M00189	K05776
M00190	K02012
M00190	K02011
M00190	K02010
M00191	K02064
M00191	K02063
M00191	K02062
M00192	K05777
M00192	K05778
M00192	K05779
M00193	K02055
M00193	K02053
M00193	K02054
M00193	K02052
M00194	K10108
M00194	K10109
M00194	K10110
M00194	K10111
M00194	K10112
M00196	K10117
M00196	K10118
M00196	K10119
M00196	K10112
M00197	K10120
M00197	K10121
M00197	K10122
M00197	K10112
M00198	K05813
M00198	K05814
M00198	K05815
M00198	K05816
M00199	K10188
M00199	K10189
M00199	K10190
M00199	K10191
M00200	K10227
M00200	K10228
M00200	K10229
M00200	K10111
M00200	K10112
M00201	K10232
M00201	K10233
M00201	K10234
M00201	K10235
M00201	K10112
M00202	K10192
M00202	K10193
M00202	K10194
M00202	K10195
M00203	K10196
M00203	K10197
M00203	K10198
M00203	K10199
M00204	K10236
M00204	K10237
M00204	K10238
M00204	K10111
M00205	K10200
M00205	K10201
M00205	K10202
M00206	K10240
M00206	K10241
M00206	K10242
M00206	K10112
M00207	K02027
M00207	K02025
M00207	K02026
M00207	K10111
M00207	K10112
M00208	K02002
M00208	K02001
M00208	K02000
M00209	K05845
M00209	K05846
M00209	K05847
M00210	K07323
M00210	K02067
M00210	K02066
M00210	K02065
M00210	K07122
M00211	K02069
M00211	K02068
M00212	K10439
M00212	K10440
M00212	K10441
M00213	K10537
M00213	K10538
M00213	K10539
M00214	K10540
M00214	K10541
M00214	K10542
M00215	K10543
M00215	K10544
M00215	K10545
M00216	K10546
M00216	K10547
M00216	K10548
M00217	K10549
M00217	K10550
M00217	K10551
M00218	K10552
M00218	K10553
M00218	K10554
M00219	K10555
M00219	K10556
M00219	K10557
M00219	K10558
M00220	K10559
M00220	K10560
M00220	K10561
M00220	K10562
M00221	K02058
M00221	K02057
M00221	K02056
M00222	K02040
M00222	K02037
M00222	K02038
M00222	K02036
M00223	K02044
M00223	K02042
M00223	K02041
M00224	K16905
M00224	K16906
M00224	K16907
M00225	K10013
M00225	K10015
M00225	K10016
M00225	K10017
M00226	K10014
M00226	K10015
M00226	K10016
M00226	K10017
M00227	K10036
M00227	K10037
M00227	K10038
M00228	K10039
M00228	K10040
M00228	K10041
M00229	K09996
M00229	K09997
M00229	K09998
M00229	K09999
M00229	K10000
M00230	K10001
M00230	K10002
M00230	K10003
M00230	K10004
M00231	K10018
M00231	K10019
M00231	K10020
M00231	K10021
M00232	K09969
M00232	K09970
M00232	K09971
M00232	K09972
M00233	K10005
M00233	K10006
M00233	K10007
M00233	K10008
M00234	K02424
M00234	K10009
M00234	K10010
M00235	K10022
M00235	K10023
M00235	K10024
M00235	K10025
M00236	K02030
M00236	K02029
M00236	K02028
M00237	K01999
M00237	K01997
M00237	K01998
M00237	K01995
M00237	K01996
M00238	K02073
M00238	K02072
M00238	K02071
M00239	K02035
M00239	K02033
M00239	K02034
M00239	K02031
M00239	K02032
M00240	K02016
M00240	K02015
M00240	K02013
M00241	K06858
M00241	K06073
M00241	K06074
M00242	K09815
M00242	K09816
M00242	K09817
M00243	K09818
M00243	K09819
M00243	K09820
M00244	K02077
M00244	K02075
M00244	K02074
M00245	K02009
M00245	K02008
M00245	K02007
M00245	K02006
M00246	K16915
M00246	K02009
M00246	K10094
M00246	K02008
M00246	K02007
M00246	K02006
M00247	K01989
M00247	K05832
M00247	K05833
M00249	K09688
M00249	K10107
M00249	K09689
M00250	K09690
M00250	K09691
M00251	K09692
M00251	K09693
M00252	K09694
M00252	K09695
M00253	K09696
M00253	K09697
M00254	K01992
M00254	K01990
M00255	K09808
M00255	K09810
M00256	K09811
M00256	K09812
M00257	K09813
M00257	K09814
M00258	K02004
M00258	K02003
M00259	K02195
M00259	K02194
M00259	K02193
M00260	K02337
M00260	K03763
M00260	K02342
M00260	K14159
M00260	K02345
M00260	K02338
M00260	K02340
M00260	K02341
M00260	K02343
M00260	K02339
M00260	K02344
M00261	K02320
M00261	K02321
M00261	K02685
M00261	K02684
M00262	K02327
M00262	K02328
M00262	K03504
M00262	K03505
M00263	K02324
M00263	K02325
M00263	K02326
M00263	K03506
M00264	K02322
M00264	K02323
M00265	K02777
M00265	K02778
M00265	K02779
M00266	K02777
M00266	K02790
M00266	K02791
M00267	K02802
M00267	K02803
M00267	K02804
M00268	K02777
M00268	K02749
M00268	K02750
M00269	K02808
M00269	K02809
M00269	K02810
M00270	K02777
M00270	K02817
M00270	K02818
M00270	K02819
M00271	K02755
M00271	K02756
M00271	K02757
M00272	K02777
M00272	K02752
M00272	K02753
M00273	K02768
M00273	K02769
M00273	K02770
M00274	K02798
M00274	K02799
M00274	K02800
M00275	K02759
M00275	K02760
M00275	K02761
M00276	K02793
M00276	K02794
M00276	K02795
M00276	K02796
M00277	K02744
M00277	K02745
M00277	K02746
M00277	K02747
M00278	K02812
M00278	K02813
M00278	K02814
M00278	K02815
M00279	K02773
M00279	K02774
M00279	K02775
M00280	K02781
M00280	K02782
M00280	K02783
M00281	K02786
M00281	K02787
M00281	K02788
M00282	K02763
M00282	K02764
M00282	K02765
M00283	K02821
M00283	K02822
M00283	K03475
M00284	K02603
M00284	K02604
M00284	K02605
M00284	K02606
M00284	K02607
M00284	K02608
M00285	K02540
M00285	K02541
M00285	K02212
M00285	K02209
M00285	K02542
M00285	K02210
M00286	K10732
M00286	K10733
M00286	K10734
M00286	K10735
M00287	K02744
M00287	K10984
M00287	K10985
M00287	K10986
M00288	K07466
M00288	K10739
M00288	K10741
M00288	K10740
M00289	K10754
M00289	K10755
M00289	K10756
M00290	K03141
M00290	K03142
M00290	K03143
M00290	K03144
M00290	K10843
M00290	K10844
M00290	K10845
M00290	K02202
M00290	K06634
M00290	K10842
M00291	K10865
M00291	K10866
M00291	K10867
M00292	K10865
M00292	K10866
M00292	K10868
M00293	K02350
M00293	K03508
M00293	K13728
M00294	K02332
M00294	K02333
M00295	K10605
M00295	K08735
M00295	K08737
M00295	K08734
M00295	K10858
M00295	K10754
M00295	K10755
M00295	K10756
M00295	K04802
M00295	K10865
M00295	K10866
M00295	K10867
M00295	K10901
M00295	K04728
M00296	K10803
M00296	K10798
M00296	K02330
M00296	K03512
M00296	K10981
M00296	K10776
M00296	K10771
M00296	K10772
M00297	K10884
M00297	K10885
M00297	K06642
M00298	K11051
M00298	K11050
M00299	K11069
M00299	K11070
M00299	K11071
M00299	K11072
M00300	K11073
M00300	K11074
M00300	K11075
M00300	K11076
M00301	K11077
M00301	K11078
M00301	K11079
M00301	K11080
M00302	K11081
M00302	K11082
M00302	K11083
M00302	K11084
M00303	K02777
M00303	K11191
M00303	K11192
M00304	K11194
M00304	K11195
M00304	K11196
M00304	K02771
M00305	K11198
M00305	K11199
M00305	K11200
M00306	K11201
M00306	K11202
M00306	K11203
M00307	K00163
M00307	K00161
M00307	K00162
M00307	K00627
M00307	K00382
M00307	K13997
M00307	K00169
M00307	K00170
M00307	K00171
M00307	K00172
M00307	K03737
M00308	K05308
M00308	K00874
M00308	K01625
M00308	K00134
M00308	K00927
M00308	K00131
M00308	K18978
M00309	K05308
M00309	K11395
M00309	K18127
M00309	K18020
M00309	K18021
M00309	K18022
M00309	K18128
M00309	K03738
M00314	K11632
M00314	K11631
M00315	K11636
M00315	K11635
M00316	K11601
M00316	K11602
M00316	K11603
M00317	K11604
M00317	K11605
M00317	K11606
M00317	K11607
M00318	K11704
M00318	K11705
M00318	K11706
M00319	K11707
M00319	K11708
M00319	K11709
M00319	K11710
M00320	K07091
M00320	K11720
M00320	K06861
M00321	K11950
M00321	K11951
M00321	K11952
M00321	K11953
M00322	K11954
M00322	K11955
M00322	K11956
M00322	K11957
M00322	K11958
M00323	K11959
M00323	K11960
M00323	K11961
M00323	K11962
M00323	K11963
M00324	K12368
M00324	K12369
M00324	K12370
M00324	K12371
M00324	K12372
M00325	K11004
M00325	K11003
M00325	K12340
M00326	K12530
M00326	K12531
M00326	K12532
M00326	K12340
M00327	K12533
M00327	K12534
M00327	K12535
M00328	K12536
M00328	K12537
M00328	K12538
M00329	K12539
M00329	K12540
M00330	K12541
M00330	K12542
M00330	K12543
M00331	K02453
M00331	K02452
M00331	K02455
M00331	K02456
M00331	K02457
M00331	K02458
M00331	K02459
M00331	K02460
M00331	K02461
M00331	K02462
M00331	K02454
M00331	K02464
M00331	K02654
M00331	K02450
M00331	K02451
M00331	K02463
M00331	K02465
M00332	K03224
M00332	K22506
M00332	K03226
M00332	K22507
M00332	K03227
M00332	K22508
M00332	K03228
M00332	K22509
M00332	K03229
M00332	K22510
M00332	K03230
M00332	K03225
M00332	K03223
M00332	K04054
M00332	K03222
M00332	K22505
M00332	K03220
M00332	K03219
M00332	K22504
M00332	K03221
M00332	K04057
M00332	K04056
M00332	K04053
M00332	K04059
M00332	K04058
M00332	K22511
M00333	K03199
M00333	K03196
M00333	K03198
M00333	K03201
M00333	K03203
M00333	K03195
M00333	K03194
M00333	K03197
M00333	K03200
M00333	K03202
M00333	K03204
M00333	K03205
M00334	K11902
M00334	K11910
M00334	K11911
M00334	K11901
M00334	K11900
M00334	K11903
M00334	K11897
M00334	K11905
M00334	K11919
M00334	K11896
M00334	K11895
M00334	K11907
M00334	K11904
M00334	K11906
M00334	K11893
M00334	K11892
M00334	K11891
M00335	K03072
M00335	K03074
M00335	K12257
M00335	K03073
M00335	K03075
M00335	K22228
M00335	K13301
M00335	K03076
M00335	K03210
M00335	K03217
M00335	K03070
M00335	K03110
M00335	K03071
M00335	K03106
M00336	K03116
M00336	K03117
M00336	K03118
M00336	K03425
M00337	K02725
M00337	K02726
M00337	K02727
M00337	K02728
M00337	K02729
M00337	K02730
M00337	K02731
M00337	K02732
M00337	K02734
M00337	K02735
M00337	K02736
M00337	K02741
M00337	K02733
M00337	K02740
M00337	K06696
M00337	K06697
M00338	K01697
M00338	K10150
M00338	K01758
M00339	K13408
M00339	K13409
M00339	K12340
M00340	K02725
M00340	K02726
M00340	K02727
M00340	K02728
M00340	K02729
M00340	K02730
M00340	K02731
M00340	K02732
M00340	K02734
M00340	K02735
M00340	K02736
M00340	K02737
M00340	K02738
M00340	K02739
M00341	K03061
M00341	K03062
M00341	K03063
M00341	K03064
M00341	K03065
M00341	K03066
M00341	K03028
M00341	K03032
M00341	K03033
M00341	K03035
M00341	K03036
M00341	K03037
M00341	K03038
M00341	K03039
M00341	K03029
M00341	K03030
M00341	K03031
M00341	K06691
M00341	K10881
M00342	K03432
M00342	K03433
M00342	K13527
M00342	K13571
M00343	K03432
M00343	K03433
M00343	K03420
M00344	K17100
M00344	K00863
M00344	K01624
M00344	K03841
M00345	K08093
M00345	K13812
M00345	K08094
M00345	K13831
M00345	K00850
M00345	K16370
M00345	K01624
M00346	K00600
M00346	K00830
M00346	K00018
M00346	K11529
M00346	K01689
M00346	K01595
M00346	K00024
M00346	K08692
M00346	K14067
M00346	K08691
M00348	K13889
M00348	K13890
M00348	K13891
M00348	K13892
M00349	K13893
M00349	K13894
M00349	K13895
M00349	K13896
M00351	K11086
M00351	K11087
M00351	K11096
M00351	K11088
M00351	K11097
M00351	K11098
M00351	K11099
M00351	K11093
M00351	K11091
M00351	K11095
M00352	K11086
M00352	K11087
M00352	K11096
M00352	K11088
M00352	K11097
M00352	K11098
M00352	K11099
M00352	K11092
M00352	K11094
M00352	K12825
M00352	K12826
M00352	K12827
M00352	K12828
M00352	K12829
M00352	K12830
M00352	K12831
M00352	K12832
M00352	K12833
M00352	K12835
M00352	K12834
M00353	K10599
M00353	K12860
M00353	K12861
M00353	K12862
M00353	K12863
M00353	K12864
M00353	K03283
M00353	K12865
M00353	K12866
M00354	K11086
M00354	K11087
M00354	K11096
M00354	K11088
M00354	K11097
M00354	K11098
M00354	K11099
M00354	K12621
M00354	K12622
M00354	K12623
M00354	K12624
M00354	K12625
M00354	K12626
M00354	K12627
M00354	K12843
M00354	K12662
M00354	K09567
M00354	K12844
M00354	K12845
M00354	K12852
M00354	K12853
M00354	K12855
M00354	K12856
M00354	K12857
M00354	K12854
M00354	K12858
M00354	K12859
M00354	K13099
M00354	K11984
M00354	K12847
M00354	K12846
M00355	K11086
M00355	K11087
M00355	K11096
M00355	K11088
M00355	K11097
M00355	K11098
M00355	K11099
M00355	K12856
M00355	K12854
M00355	K12852
M00355	K12857
M00355	K10599
M00355	K12860
M00355	K12861
M00355	K12862
M00355	K12863
M00355	K06063
M00355	K12867
M00355	K12868
M00355	K12869
M00355	K12870
M00355	K12871
M00355	K12872
M00355	K12873
M00355	K12874
M00355	K09564
M00355	K12733
M00355	K12816
M00355	K13117
M00355	K03283
M00355	K13123
M00356	K14080
M00356	K04480
M00356	K14081
M00356	K00399
M00356	K00401
M00356	K00402
M00356	K22480
M00356	K22481
M00356	K22482
M00356	K03388
M00356	K03389
M00356	K03390
M00356	K08264
M00356	K08265
M00356	K03388
M00356	K03389
M00356	K03390
M00356	K14127
M00356	K14126
M00356	K14128
M00356	K22516
M00356	K00125
M00357	K00925
M00357	K00625
M00357	K13788
M00357	K01895
M00357	K00193
M00357	K00197
M00357	K00194
M00357	K00577
M00357	K00578
M00357	K00579
M00357	K00580
M00357	K00581
M00357	K00582
M00357	K00583
M00357	K00584
M00357	K00399
M00357	K00401
M00357	K00402
M00357	K22480
M00357	K22481
M00357	K22482
M00357	K03388
M00357	K03389
M00357	K03390
M00357	K08264
M00357	K08265
M00357	K03388
M00357	K03389
M00357	K03390
M00357	K14127
M00357	K14126
M00357	K14128
M00357	K22516
M00357	K00125
M00358	K08097
M00358	K05979
M00358	K05884
M00358	K13039
M00358	K06034
M00359	K01872
M00359	K01887
M00359	K01893
M00359	K22503
M00359	K01876
M00359	K01883
M00359	K01886
M00359	K01885
M00359	K01880
M00359	K01892
M00359	K01870
M00359	K01869
M00359	K04567
M00359	K01874
M00359	K01889
M00359	K01890
M00359	K01881
M00359	K01875
M00359	K01868
M00359	K01867
M00359	K01866
M00359	K01873
M00359	K14163
M00360	K01872
M00360	K01887
M00360	K01893
M00360	K01876
M00360	K09759
M00360	K01883
M00360	K01886
M00360	K01885
M00360	K09698
M00360	K01878
M00360	K01879
M00360	K14164
M00360	K01880
M00360	K01892
M00360	K01870
M00360	K01869
M00360	K04567
M00360	K04566
M00360	K01874
M00360	K01889
M00360	K01890
M00360	K01881
M00360	K01875
M00360	K01868
M00360	K01867
M00360	K01866
M00360	K01873
M00360	K07587
M00360	K11627
M00360	K01884
M00361	K00963
M00361	K01784
M00361	K00972
M00361	K00012
M00361	K08678
M00361	K00966
M00361	K00971
M00362	K00963
M00362	K00965
M00362	K01784
M00362	K17716
M00362	K00972
M00362	K04042
M00362	K11528
M00362	K01791
M00362	K00012
M00362	K00966
M00362	K00971
M00362	K16011
M00362	K16881
M00363	K11006
M00363	K11007
M00364	K01823
M00364	K00795
M00364	K13789
M00364	K13787
M00365	K01823
M00365	K13787
M00366	K01823
M00366	K14066
M00366	K00787
M00366	K13789
M00367	K01823
M00367	K00787
M00367	K00804
M00368	K00789
M00368	K01762
M00368	K20772
M00368	K05933
M00369	K13027
M00369	K13029
M00369	K13030
M00370	K11812
M00370	K11813
M00370	K11818
M00370	K11819
M00370	K11820
M00370	K11821
M00371	K09587
M00371	K12639
M00371	K09588
M00371	K09591
M00371	K12637
M00371	K12638
M00371	K20623
M00371	K09590
M00371	K12640
M00372	K15746
M00372	K15747
M00372	K09838
M00372	K14594
M00372	K09840
M00372	K09841
M00372	K09842
M00373	K00626
M00373	K00023
M00373	K17865
M00373	K14446
M00373	K14447
M00373	K14448
M00373	K14449
M00373	K08691
M00373	K14451
M00373	K01965
M00373	K01966
M00373	K05606
M00373	K01847
M00374	K00169
M00374	K00170
M00374	K00171
M00374	K00172
M00374	K01007
M00374	K01595
M00374	K00024
M00374	K01676
M00374	K01677
M00374	K01678
M00374	K00239
M00374	K00240
M00374	K00241
M00374	K18860
M00374	K01902
M00374	K01903
M00374	K15038
M00374	K15017
M00374	K14465
M00374	K14467
M00374	K18861
M00374	K14534
M00374	K15016
M00374	K00626
M00375	K01964
M00375	K15037
M00375	K15036
M00375	K15017
M00375	K15039
M00375	K15018
M00375	K15019
M00375	K15020
M00375	K05606
M00375	K01848
M00375	K01849
M00375	K15038
M00375	K15017
M00375	K14465
M00375	K14466
M00375	K18861
M00375	K14534
M00375	K15016
M00375	K00626
M00376	K02160
M00376	K01961
M00376	K01962
M00376	K01963
M00376	K14468
M00376	K14469
M00376	K15052
M00376	K05606
M00376	K01847
M00376	K01848
M00376	K01849
M00376	K14471
M00376	K14472
M00376	K00239
M00376	K00240
M00376	K00241
M00376	K01679
M00376	K08691
M00376	K14449
M00376	K14470
M00376	K09709
M00377	K00198
M00377	K05299
M00377	K15022
M00377	K01938
M00377	K01491
M00377	K00297
M00377	K15023
M00377	K14138
M00377	K00197
M00377	K00194
M00378	K11779
M00378	K11780
M00378	K11781
M00378	K14941
M00378	K11212
M00378	K12234
M00379	K03868
M00379	K03347
M00379	K03094
M00379	K10259
M00380	K03868
M00380	K03347
M00380	K03094
M00380	K03362
M00381	K03868
M00381	K03347
M00381	K03094
M00381	K03875
M00382	K03868
M00382	K03347
M00382	K03094
M00382	K10099
M00382	K10100
M00383	K03868
M00383	K03870
M00383	K03872
M00383	K03873
M00383	K03871
M00384	K03868
M00384	K03869
M00384	K10523
M00385	K03868
M00385	K10609
M00385	K10610
M00385	K10140
M00386	K03868
M00386	K10609
M00386	K10610
M00386	K10570
M00387	K03868
M00387	K03347
M00387	K03094
M00387	K10260
M00388	K10611
M00388	K10612
M00388	K03872
M00388	K03873
M00388	K04701
M00388	K04694
M00388	K04695
M00388	K04696
M00388	K04697
M00388	K04698
M00388	K04699
M00389	K03358
M00389	K03349
M00389	K03363
M00389	K03364
M00389	K03348
M00389	K03350
M00389	K03351
M00389	K03352
M00389	K03353
M00389	K03354
M00389	K03356
M00389	K03355
M00389	K03357
M00389	K03359
M00389	K12456
M00390	K07573
M00390	K03679
M00390	K11600
M00390	K12589
M00391	K07573
M00391	K12587
M00391	K03679
M00391	K03681
M00391	K11600
M00391	K12589
M00391	K12586
M00391	K12585
M00391	K03678
M00391	K12590
M00392	K12599
M00392	K12600
M00392	K12601
M00392	K12602
M00393	K03514
M00393	K12596
M00393	K12597
M00393	K12598
M00394	K08300
M00394	K03732
M00394	K01689
M00394	K00962
M00395	K12610
M00395	K12611
M00395	K12612
M00395	K12613
M00395	K12614
M00395	K12615
M00395	K12617
M00396	K12621
M00396	K12622
M00396	K12623
M00396	K12624
M00396	K12625
M00396	K12626
M00396	K12627
M00397	K12620
M00397	K12621
M00397	K12622
M00397	K12623
M00397	K12624
M00397	K12625
M00397	K12626
M00398	K11086
M00398	K11087
M00398	K11096
M00398	K11088
M00398	K11097
M00398	K11098
M00398	K11099
M00399	K12882
M00399	K12883
M00400	K13525
M00400	K14016
M00400	K14015
M00401	K10956
M00401	K09481
M00401	K07342
M00402	K13249
M00402	K13250
M00402	K13251
M00402	K04571
M00403	K10601
M00403	K14026
M00403	K10088
M00403	K14008
M00403	K14027
M00403	K11519
M00403	K13989
M00403	K14025
M00403	K13525
M00403	K14015
M00403	K14016
M00404	K14004
M00404	K14005
M00404	K14006
M00404	K14007
M00404	K07953
M00405	K12878
M00405	K12879
M00405	K13174
M00405	K13175
M00405	K13176
M00406	K12878
M00406	K12879
M00406	K13174
M00406	K13175
M00406	K13176
M00406	K12880
M00406	K12881
M00406	K12812
M00407	K03868
M00407	K03347
M00407	K03094
M00407	K03361
M00408	K12182
M00408	K04705
M00409	K12183
M00409	K12184
M00409	K12185
M00409	K12186
M00410	K12188
M00410	K12189
M00410	K12190
M00411	K03868
M00411	K03347
M00411	K03094
M00411	K03360
M00412	K12191
M00412	K12192
M00412	K12193
M00412	K12194
M00412	K12195
M00412	K12196
M00412	K12197
M00412	K12198
M00412	K15053
M00413	K10888
M00413	K10889
M00413	K10890
M00413	K10892
M00413	K10893
M00413	K10894
M00413	K10606
M00413	K10896
M00413	K10898
M00413	K10993
M00414	K10901
M00414	K03165
M00414	K10990
M00414	K15365
M00415	K10247
M00415	K10205
M00415	K10248
M00415	K10249
M00415	K10244
M00415	K10203
M00415	K10250
M00415	K15397
M00415	K10245
M00415	K10246
M00415	K10251
M00415	K10703
M00415	K10258
M00416	K02827
M00416	K02826
M00416	K02828
M00416	K02829
M00417	K02297
M00417	K02298
M00417	K02299
M00417	K02300
M00418	K07540
M00418	K07543
M00418	K07544
M00418	K07545
M00418	K07546
M00418	K07547
M00418	K07548
M00418	K07549
M00418	K07550
M00419	K10616
M00419	K18293
M00419	K10617
M00419	K10618
M00422	K00192
M00422	K00195
M00422	K00193
M00422	K00197
M00422	K00194
M00423	K15495
M00423	K15496
M00423	K15497
M00424	K11109
M00424	K11110
M00424	K11111
M00424	K11112
M00424	K11113
M00424	K11114
M00425	K11128
M00425	K11129
M00425	K11130
M00425	K11131
M00426	K13129
M00426	K13130
M00426	K13131
M00426	K13132
M00426	K13133
M00426	K13134
M00426	K13135
M00426	K13136
M00426	K13137
M00427	K09291
M00427	K14295
M00427	K14296
M00427	K03345
M00427	K14297
M00427	K14298
M00427	K14004
M00427	K14299
M00427	K14300
M00427	K14301
M00427	K14302
M00427	K14303
M00427	K14304
M00427	K14305
M00427	K14306
M00427	K14307
M00427	K14308
M00427	K14309
M00427	K14310
M00427	K14311
M00427	K14312
M00427	K14313
M00427	K14314
M00427	K14315
M00427	K14316
M00427	K14317
M00427	K14318
M00427	K12172
M00427	K14319
M00427	K10577
M00427	K12160
M00427	K14320
M00427	K14321
M00428	K03259
M00428	K03260
M00428	K03257
M00429	K02237
M00429	K02238
M00429	K02240
M00429	K02242
M00429	K02245
M00429	K02246
M00429	K02247
M00429	K02249
M00429	K02243
M00429	K02244
M00429	K02236
M00429	K02248
M00429	K01493
M00429	K02239
M00429	K02241
M00430	K12876
M00430	K12877
M00430	K14323
M00430	K13025
M00430	K14324
M00430	K13114
M00430	K12875
M00430	K14325
M00430	K12881
M00430	K12812
M00430	K13171
M00430	K14285
M00430	K14326
M00430	K14327
M00430	K14328
M00432	K01649
M00432	K01702
M00432	K01703
M00432	K01704
M00432	K00052
M00433	K01655
M00433	K17450
M00433	K01705
M00433	K16792
M00433	K16793
M00433	K05824
M00434	K07636
M00434	K07657
M00434	K07658
M00435	K15551
M00435	K15552
M00435	K10831
M00436	K15553
M00436	K15554
M00436	K15555
M00437	K15556
M00437	K15557
M00437	K15558
M00438	K15576
M00438	K15577
M00438	K15578
M00438	K15579
M00439	K15580
M00439	K15581
M00439	K15582
M00439	K15583
M00439	K10823
M00440	K15584
M00440	K15585
M00440	K15586
M00440	K15587
M00440	K10824
M00442	K15598
M00442	K15599
M00442	K15600
M00443	K07768
M00443	K07776
M00444	K07637
M00444	K07660
M00445	K07638
M00445	K07659
M00446	K07639
M00446	K07661
M00447	K07640
M00447	K07662
M00448	K07650
M00448	K07770
M00449	K07641
M00449	K07663
M00450	K07642
M00450	K07664
M00451	K07643
M00451	K07771
M00452	K07644
M00452	K07665
M00453	K07645
M00453	K07666
M00454	K07646
M00454	K07667
M00455	K07647
M00455	K07772
M00456	K07648
M00456	K07773
M00457	K07649
M00457	K07774
M00458	K07651
M00458	K07775
M00459	K07652
M00459	K07668
M00460	K07653
M00460	K07669
M00461	K07654
M00461	K07670
M00462	K07655
M00462	K07671
M00463	K07656
M00463	K07672
M00464	K11328
M00464	K11330
M00465	K11520
M00465	K11521
M00466	K07769
M00466	K11332
M00467	K08479
M00467	K10697
M00467	K11329
M00468	K10681
M00468	K10682
M00469	K11629
M00469	K11630
M00470	K11633
M00470	K11634
M00471	K07673
M00471	K07684
M00472	K07674
M00472	K07685
M00473	K07675
M00473	K07686
M00474	K07677
M00474	K07676
M00474	K07687
M00475	K07678
M00475	K07689
M00476	K07680
M00476	K07691
M00477	K07679
M00477	K07690
M00478	K07777
M00478	K07692
M00479	K07778
M00479	K07693
M00480	K07681
M00480	K07694
M00481	K11617
M00481	K11618
M00482	K07682
M00482	K07695
M00483	K07683
M00483	K07696
M00484	K11623
M00484	K11624
M00485	K02491
M00485	K07697
M00485	K07698
M00485	K13532
M00485	K13533
M00485	K02490
M00485	K07699
M00486	K07700
M00486	K07702
M00487	K11637
M00487	K11638
M00488	K07701
M00488	K07703
M00489	K11691
M00489	K11692
M00490	K11614
M00490	K11615
M00491	K15770
M00491	K15771
M00491	K15772
M00491	K10111
M00491	K10112
M00492	K07704
M00492	K07705
M00493	K08082
M00493	K08083
M00494	K11640
M00494	K11641
M00495	K07706
M00495	K07707
M00496	K12294
M00496	K12295
M00497	K07708
M00497	K07712
M00498	K13598
M00498	K13599
M00499	K07709
M00499	K07713
M00500	K07710
M00500	K07714
M00501	K02668
M00501	K02667
M00502	K07711
M00502	K07715
M00503	K08475
M00503	K08476
M00504	K10125
M00504	K10126
M00505	K11383
M00505	K11384
M00506	K03407
M00506	K03413
M00506	K03412
M00506	K13924
M00506	K03415
M00507	K06596
M00507	K02487
M00507	K02657
M00507	K02658
M00507	K06597
M00508	K11526
M00508	K11522
M00508	K11523
M00509	K13490
M00509	K11444
M00509	K13491
M00510	K11354
M00510	K11355
M00511	K07716
M00511	K11357
M00511	K02488
M00511	K11443
M00511	K13591
M00512	K13587
M00512	K13584
M00512	K13589
M00513	K10909
M00513	K10916
M00513	K10911
M00513	K10912
M00514	K13040
M00514	K13041
M00515	K10942
M00515	K10943
M00516	K11231
M00516	K19690
M00516	K19691
M00516	K19692
M00516	K11232
M00516	K11233
M00516	K15859
M00517	K10715
M00517	K13815
M00518	K07717
M00518	K07719
M00519	K07718
M00519	K07720
M00520	K14980
M00520	K14981
M00521	K14982
M00521	K14983
M00522	K14988
M00522	K14989
M00523	K15011
M00523	K15012
M00524	K14986
M00524	K14987
M00525	K00928
M00525	K00133
M00525	K01714
M00525	K00215
M00525	K05822
M00525	K00841
M00525	K05823
M00525	K01778
M00525	K01586
M00526	K00928
M00526	K12524
M00526	K12525
M00526	K12526
M00526	K00133
M00526	K01714
M00526	K00215
M00526	K03340
M00526	K01586
M00526	K12526
M00527	K00928
M00527	K12524
M00527	K12525
M00527	K12526
M00527	K00133
M00527	K01714
M00527	K00215
M00527	K10206
M00527	K01778
M00527	K01586
M00527	K12526
M00528	K10944
M00528	K10945
M00528	K10946
M00528	K10535
M00529	K00370
M00529	K00371
M00529	K00374
M00529	K02567
M00529	K02568
M00529	K00368
M00529	K15864
M00529	K04561
M00529	K02305
M00529	K15877
M00529	K00376
M00530	K00370
M00530	K00371
M00530	K00374
M00530	K02567
M00530	K02568
M00530	K00362
M00530	K00363
M00530	K03385
M00530	K15876
M00531	K00367
M00531	K10534
M00531	K00372
M00531	K00360
M00531	K00366
M00531	K17877
M00532	K01601
M00532	K01602
M00532	K19269
M00532	K11517
M00532	K03781
M00532	K14272
M00532	K00600
M00532	K00830
M00532	K15893
M00532	K15919
M00532	K15918
M00532	K00281
M00532	K00605
M00532	K00382
M00532	K02437
M00533	K00455
M00533	K00151
M00533	K10219
M00533	K01826
M00533	K05921
M00534	K14579
M00534	K14580
M00534	K14578
M00534	K14581
M00534	K14582
M00534	K14583
M00534	K14584
M00534	K14585
M00534	K00152
M00535	K09011
M00535	K01703
M00535	K01704
M00535	K00052
M00537	K15757
M00537	K15758
M00537	K00055
M00537	K00141
M00538	K15760
M00538	K15761
M00538	K15762
M00538	K15763
M00538	K15764
M00538	K15765
M00538	K00055
M00538	K00141
M00539	K10619
M00539	K16303
M00539	K16304
M00539	K18227
M00539	K10620
M00539	K10621
M00539	K10622
M00539	K10623
M00540	K04116
M00540	K04117
M00540	K07534
M00540	K07535
M00540	K07536
M00541	K04112
M00541	K04113
M00541	K04114
M00541	K04115
M00541	K19515
M00541	K19516
M00541	K07537
M00541	K07538
M00541	K07539
M00542	K03221
M00542	K03219
M00542	K03222
M00542	K03226
M00542	K03227
M00542	K03228
M00542	K03229
M00542	K03230
M00542	K03224
M00542	K03225
M00542	K12784
M00542	K12787
M00542	K12785
M00542	K12786
M00542	K12788
M00542	K16041
M00542	K16042
M00543	K08689
M00543	K15750
M00543	K18087
M00543	K18088
M00543	K08690
M00543	K00462
M00543	K10222
M00544	K15751
M00544	K15752
M00544	K15753
M00544	K15754
M00544	K15755
M00544	K15756
M00545	K05708
M00545	K05709
M00545	K05710
M00545	K00529
M00545	K05711
M00545	K05712
M00545	K05713
M00545	K05714
M00545	K02554
M00545	K01666
M00545	K04073
M00546	K00106
M00546	K00087
M00546	K13479
M00546	K13480
M00546	K13481
M00546	K13482
M00546	K11177
M00546	K11178
M00546	K13483
M00546	K00365
M00546	K16838
M00546	K16839
M00546	K22879
M00546	K13484
M00546	K07127
M00546	K13485
M00546	K16838
M00546	K16840
M00546	K01466
M00546	K16842
M00546	K01477
M00547	K03268
M00547	K16268
M00547	K18089
M00547	K18090
M00547	K16269
M00548	K16249
M00548	K16243
M00548	K16244
M00548	K16242
M00548	K16245
M00548	K16246
M00549	K00844
M00549	K00845
M00549	K12407
M00549	K00886
M00549	K01835
M00549	K00963
M00550	K02821
M00550	K02822
M00550	K03475
M00550	K03476
M00550	K03078
M00550	K03079
M00550	K03077
M00551	K05549
M00551	K05550
M00551	K05784
M00551	K05783
M00552	K01684
M00552	K00883
M00552	K01631
M00552	K00134
M00552	K00927
M00554	K00849
M00554	K00965
M00555	K17755
M00555	K00108
M00555	K11440
M00555	K00130
M00563	K14082
M00563	K16177
M00563	K16176
M00563	K16179
M00563	K16178
M00563	K14084
M00563	K14083
M00563	K00399
M00563	K00401
M00563	K00402
M00563	K22480
M00563	K22481
M00563	K22482
M00563	K03388
M00563	K03389
M00563	K03390
M00563	K08264
M00563	K08265
M00563	K03388
M00563	K03389
M00563	K03390
M00563	K14127
M00563	K14126
M00563	K14128
M00563	K22516
M00563	K00125
M00564	K15842
M00564	K12086
M00564	K12087
M00564	K12088
M00564	K12089
M00564	K12090
M00564	K03196
M00564	K12091
M00564	K12092
M00564	K12093
M00564	K12094
M00564	K12095
M00564	K12096
M00564	K12097
M00564	K12098
M00564	K12099
M00564	K12100
M00564	K12101
M00564	K12102
M00564	K12103
M00564	K12104
M00564	K12105
M00564	K12106
M00564	K12107
M00564	K12108
M00564	K12109
M00564	K12110
M00565	K00975
M00565	K00703
M00565	K00700
M00565	K16149
M00565	K01214
M00565	K06044
M00565	K01236
M00566	K16199
M00566	K16200
M00566	K16201
M00566	K16202
M00567	K00200
M00567	K00201
M00567	K00202
M00567	K00203
M00567	K11261
M00567	K00205
M00567	K11260
M00567	K00204
M00567	K00672
M00567	K01499
M00567	K00319
M00567	K13942
M00567	K00320
M00567	K00577
M00567	K00578
M00567	K00579
M00567	K00580
M00567	K00581
M00567	K00582
M00567	K00583
M00567	K00584
M00567	K00399
M00567	K00401
M00567	K00402
M00567	K22480
M00567	K22481
M00567	K22482
M00567	K03388
M00567	K03389
M00567	K03390
M00567	K08264
M00567	K08265
M00567	K03388
M00567	K03389
M00567	K03390
M00567	K14127
M00567	K14126
M00567	K14128
M00567	K22516
M00567	K00125
M00568	K03381
M00568	K01856
M00568	K03464
M00568	K01055
M00568	K14727
M00569	K00446
M00569	K07104
M00569	K10217
M00569	K01821
M00569	K01617
M00569	K10216
M00569	K18364
M00569	K02554
M00569	K18365
M00569	K01666
M00569	K18366
M00569	K04073
M00570	K17989
M00570	K01754
M00570	K01652
M00570	K01653
M00570	K11258
M00570	K00053
M00570	K01687
M00570	K00826
M00571	K16300
M00571	K16299
M00571	K12340
M00572	K02169
M00572	K00647
M00572	K09458
M00572	K00059
M00572	K02372
M00572	K00208
M00572	K02170
M00572	K09789
M00572	K19560
M00572	K19561
M00573	K16593
M00573	K00652
M00573	K00833
M00573	K19563
M00573	K01935
M00573	K01012
M00574	K11023
M00574	K11024
M00574	K11025
M00574	K11026
M00574	K11027
M00575	K22944
M00575	K11004
M00575	K07389
M00575	K11003
M00575	K12340
M00576	K10928
M00576	K10929
M00576	K16883
M00576	K16884
M00577	K01906
M00577	K00652
M00577	K00833
M00577	K19563
M00577	K01935
M00577	K01012
M00579	K00625
M00579	K13788
M00579	K15024
M00579	K00925
M00580	K08094
M00580	K08093
M00580	K13812
M00580	K13831
M00580	K01807
M00581	K03523
M00581	K16783
M00581	K16784
M00582	K03523
M00582	K16923
M00582	K16924
M00582	K16925
M00582	K16926
M00582	K16927
M00582	K16928
M00582	K16929
M00582	K16785
M00582	K16786
M00582	K16787
M00583	K16916
M00583	K16917
M00584	K16918
M00584	K16919
M00584	K16920
M00584	K16921
M00585	K16956
M00585	K16957
M00585	K16958
M00585	K16959
M00585	K16960
M00586	K16961
M00586	K16962
M00586	K16963
M00587	K17062
M00587	K17063
M00589	K17073
M00589	K17074
M00589	K17076
M00590	K17202
M00590	K17203
M00590	K17204
M00591	K17205
M00591	K17206
M00591	K17207
M00592	K17208
M00592	K17209
M00592	K17210
M00593	K17213
M00593	K17214
M00593	K17215
M00595	K17222
M00595	K17223
M00595	K17224
M00595	K17225
M00595	K22622
M00595	K17226
M00595	K17227
M00596	K00956
M00596	K00957
M00596	K00958
M00596	K00394
M00596	K00395
M00596	K11180
M00596	K11181
M00597	K08928
M00597	K08929
M00598	K08940
M00598	K08941
M00598	K08942
M00598	K08943
M00599	K17237
M00599	K17238
M00599	K17239
M00599	K17240
M00600	K17241
M00600	K17242
M00600	K17243
M00601	K17244
M00601	K17245
M00601	K17246
M00602	K17234
M00602	K17235
M00602	K17236
M00602	K10112
M00603	K17318
M00603	K17319
M00603	K17320
M00604	K17311
M00604	K17312
M00604	K17313
M00604	K17314
M00605	K17315
M00605	K17316
M00605	K17317
M00605	K10112
M00606	K17329
M00606	K17330
M00606	K17331
M00606	K10112
M00607	K17321
M00607	K17322
M00607	K17323
M00607	K17324
M00607	K17325
M00608	K10977
M00608	K16792
M00608	K16793
M00608	K10978
M00609	K00789
M00609	K17462
M00609	K01243
M00609	K18284
M00609	K07173
M00609	K17216
M00609	K17217
M00610	K17464
M00610	K17465
M00610	K17466
M00610	K17467
M00615	K02575
M00619	K17326
M00619	K17327
M00619	K17328
M00620	K00169
M00620	K00170
M00620	K00171
M00620	K00172
M00620	K01959
M00620	K01960
M00620	K00024
M00620	K01677
M00620	K01678
M00620	K18209
M00620	K18210
M00620	K01902
M00620	K01903
M00620	K00174
M00620	K00175
M00620	K00176
M00620	K00177
M00622	K18029
M00622	K18030
M00622	K14974
M00622	K18028
M00622	K15357
M00622	K13995
M00622	K01799
M00623	K18068
M00623	K18069
M00623	K18067
M00623	K04102
M00624	K18074
M00624	K18075
M00624	K18077
M00624	K18076
M00625	K02547
M00625	K02546
M00625	K02545
M00627	K02172
M00627	K02171
M00627	K18766
M00627	K17836
M00628	K08218
M00628	K01207
M00628	K17850
M00628	K01467
M00628	K17836
M00630	K18106
M00630	K19634
M00630	K18102
M00630	K18103
M00630	K18107
M00631	K01812
M00631	K00041
M00631	K01685
M00631	K16849
M00631	K16850
M00631	K00874
M00631	K01625
M00631	K17463
M00632	K01785
M00632	K00849
M00632	K00965
M00632	K01784
M00633	K05308
M00633	K18126
M00633	K11395
M00633	K00131
M00633	K18978
M00634	K18233
M00634	K18232
M00635	K18216
M00635	K18217
M00636	K18251
M00636	K18252
M00636	K18253
M00636	K18254
M00636	K18255
M00636	K18256
M00637	K05599
M00637	K05600
M00637	K11311
M00637	K16319
M00637	K16320
M00637	K18248
M00637	K18249
M00638	K18242
M00638	K18243
M00638	K14578
M00638	K14581
M00639	K18294
M00639	K18295
M00639	K18296
M00639	K08721
M00641	K18297
M00641	K18298
M00641	K18299
M00641	K18300
M00642	K18301
M00642	K18302
M00642	K18303
M00642	K18139
M00643	K18129
M00643	K18094
M00643	K18095
M00643	K18139
M00644	K18304
M00644	K18099
M00644	K18305
M00644	K18306
M00644	K18307
M00644	K18308
M00645	K07642
M00645	K07664
M00645	K18321
M00645	K18322
M00645	K18323
M00646	K07642
M00646	K07664
M00646	K03585
M00646	K18324
M00646	K12340
M00647	K03577
M00647	K18992
M00647	K13632
M00647	K13631
M00647	K05804
M00647	K18325
M00647	K18991
M00647	K03585
M00647	K18138
M00647	K18139
M00647	K12340
M00648	K07642
M00648	K07664
M00648	K07799
M00648	K07788
M00648	K07789
M00649	K18143
M00649	K18144
M00649	K18145
M00649	K18146
M00649	K18147
M00651	K18345
M00651	K18344
M00651	K07260
M00651	K18346
M00651	K18351
M00651	K18352
M00651	K18354
M00651	K18353
M00651	K18347
M00651	K15739
M00651	K08641
M00652	K18350
M00652	K18349
M00652	K18348
M00652	K18856
M00652	K18866
M00653	K17060
M00653	K17061
M00654	K18072
M00654	K18073
M00655	K18143
M00655	K18144
M00656	K18345
M00656	K18344
M00657	K18350
M00657	K18349
M00658	K18351
M00658	K18352
M00660	K03222
M00660	K03226
M00660	K03227
M00660	K03228
M00660	K03229
M00660	K03230
M00660	K03224
M00660	K03225
M00660	K03223
M00660	K18374
M00660	K18376
M00660	K18373
M00660	K18375
M00660	K18377
M00660	K18378
M00660	K18379
M00660	K18380
M00660	K18381
M00661	K18385
M00661	K18386
M00661	K18387
M00662	K02489
M00662	K18444
M00663	K14978
M00663	K14979
M00664	K14658
M00664	K14659
M00664	K14666
M00664	K14657
M00667	K18219
M00667	K18218
M00668	K18476
M00668	K08151
M00669	K02067
M00669	K02066
M00669	K02065
M00669	K18480
M00670	K02067
M00670	K02066
M00670	K02065
M00670	K18481
M00672	K12743
M00672	K04126
M00672	K10852
M00673	K12743
M00673	K04126
M00673	K04127
M00673	K12744
M00673	K12745
M00673	K04128
M00673	K18062
M00673	K18063
M00674	K12673
M00674	K12674
M00674	K12675
M00674	K12676
M00675	K18317
M00675	K18316
M00675	K18315
M00676	K04527
M00676	K16172
M00676	K00922
M00676	K02649
M00676	K04456
M00676	K07201
M00676	K09408
M00677	K00182
M00677	K00312
M00677	K00408
M00677	K00444
M00677	K00445
M00677	K00572
M00677	K00714
M00677	K01064
M00677	K01357
M00677	K01384
M00677	K01558
M00677	K03209
M00677	K02432
M00677	K02235
M00677	K02329
M00677	K02354
M00677	K02375
M00677	K02376
M00677	K02842
M00677	K04690
M00677	K02353
M00677	K03083
M00677	K02105
M00677	K02620
M00677	K04490
M00677	K04491
M00677	K04492
M00678	K06224
M00678	K11989
M00678	K11990
M00678	K11988
M00678	K06225
M00678	K06226
M00678	K18806
M00678	K06229
M00678	K16797
M00678	K16798
M00678	K06230
M00678	K16799
M00679	K21283
M00679	K04662
M00679	K04663
M00679	K16620
M00679	K16621
M00679	K16622
M00679	K04664
M00679	K04665
M00679	K04671
M00679	K04670
M00679	K13596
M00679	K04672
M00679	K04673
M00679	K13578
M00679	K04675
M00679	K04676
M00679	K16790
M00679	K16791
M00679	K04501
M00680	K13375
M00680	K13376
M00680	K13377
M00680	K04388
M00680	K04674
M00680	K04500
M00680	K04501
M00681	K04667
M00681	K04670
M00681	K13596
M00681	K13567
M00681	K04500
M00681	K04501
M00682	K06051
M00682	K06059
M00682	K06170
M00682	K04505
M00682	K04522
M00682	K06171
M00682	K06172
M00682	K02599
M00682	K20994
M00682	K20995
M00682	K20996
M00682	K06053
M00683	K16683
M00683	K16821
M00683	K16822
M00683	K16684
M00683	K16685
M00683	K04412
M00683	K16686
M00683	K08791
M00683	K06685
M00683	K16687
M00683	K16820
M00683	K09448
M00684	K11217
M00684	K04447
M00684	K11218
M00684	K11219
M00684	K11220
M00684	K11221
M00684	K04692
M00684	K11222
M00684	K11223
M00684	K11224
M00684	K11225
M00684	K04694
M00684	K04695
M00684	K04696
M00684	K04701
M00684	K04697
M00684	K04698
M00684	K04699
M00685	K02084
M00685	K04399
M00685	K04489
M00685	K02187
M00685	K04397
M00686	K10159
M00686	K10160
M00686	K18809
M00686	K04729
M00686	K04730
M00686	K04733
M00686	K03175
M00686	K04427
M00686	K04404
M00686	K04403
M00686	K07209
M00686	K04467
M00686	K07210
M00686	K04734
M00686	K02580
M00686	K04735
M00687	K04366
M00687	K08845
M00687	K04365
M00687	K04367
M00687	K04368
M00687	K04369
M00687	K04371
M00688	K04416
M00688	K04420
M00688	K04421
M00688	K04428
M00688	K04429
M00688	K04423
M00688	K04415
M00688	K04426
M00688	K04425
M00688	K04427
M00688	K04417
M00688	K04418
M00688	K04419
M00688	K17534
M00688	K04430
M00688	K04431
M00688	K04440
M00689	K04416
M00689	K04420
M00689	K04421
M00689	K04428
M00689	K04429
M00689	K04423
M00689	K04415
M00689	K04426
M00689	K04425
M00689	K04427
M00689	K04417
M00689	K04418
M00689	K04419
M00689	K17534
M00689	K04432
M00689	K04433
M00689	K04441
M00690	K04420
M00690	K04421
M00690	K04463
M00690	K04464
M00691	K06640
M00691	K04728
M00691	K02216
M00691	K06641
M00691	K02831
M00691	K06645
M00691	K05866
M00691	K05867
M00691	K02555
M00692	K02089
M00692	K02091
M00692	K04503
M00692	K10151
M00692	K10152
M00692	K02206
M00692	K06626
M00692	K06618
M00692	K17454
M00692	K09389
M00692	K06620
M00692	K02206
M00692	K18810
M00692	K14505
M00692	K18811
M00692	K18812
M00692	K18813
M00692	K04681
M00692	K06620
M00692	K04563
M00692	K06646
M00692	K04563
M00692	K06650
M00692	K12760
M00692	K12413
M00692	K09249
M00693	K05867
M00693	K06632
M00693	K02087
M00693	K06627
M00693	K05868
M00693	K18065
M00693	K06632
M00693	K02206
M00693	K07760
M00693	K06627
M00693	K05868
M00693	K02555
M00693	K03114
M00693	K04563
M00693	K02220
M00694	K12323
M00694	K12324
M00694	K12318
M00694	K12319
M00694	K07376
M00694	K18283
M00694	K04948
M00694	K04952
M00695	K04632
M00695	K04630
M00695	K08041
M00695	K08042
M00695	K08043
M00695	K08044
M00695	K08045
M00695	K08046
M00695	K08047
M00695	K08048
M00695	K08049
M00695	K01768
M00695	K04345
M00696	K18140
M00696	K18141
M00696	K18142
M00696	K12340
M00697	K07690
M00697	K18898
M00697	K18899
M00697	K12340
M00698	K18900
M00698	K18901
M00698	K18902
M00698	K18903
M00699	K18905
M00699	K03585
M00699	K18138
M00699	K18904
M00700	K18906
M00700	K18907
M00700	K18104
M00701	K15974
M00701	K03543
M00701	K03446
M00702	K18906
M00702	K18907
M00702	K08170
M00704	K18906
M00704	K08168
M00705	K18909
M00705	K18908
M00706	K18887
M00706	K18888
M00707	K18889
M00707	K18890
M00708	K18891
M00708	K18892
M00709	K07637
M00709	K07660
M00709	K05685
M00709	K13888
M00709	K12340
M00710	K11814
M00710	K11815
M00711	K11742
M00711	K11743
M00712	K18924
M00712	K18925
M00713	K18937
M00713	K08167
M00714	K18938
M00714	K08167
M00715	K18939
M00715	K18926
M00716	K18940
M00716	K18941
M00717	K18940
M00717	K18941
M00717	K18906
M00717	K08153
M00718	K18131
M00718	K03585
M00718	K18138
M00718	K18139
M00719	K18986
M00719	K18987
M00720	K18990
M00720	K18989
M00720	K12340
M00721	K07771
M00721	K07643
M00721	K18072
M00721	K18073
M00721	K07637
M00721	K07660
M00721	K07806
M00721	K10012
M00721	K10011
M00721	K13014
M00721	K07264
M00721	K12962
M00721	K12963
M00722	K07771
M00722	K07643
M00722	K03760
M00723	K07660
M00723	K07637
M00723	K18514
M00723	K12975
M00724	K07660
M00724	K07637
M00724	K12973
M00725	K19077
M00725	K19078
M00725	K03367
M00725	K03739
M00725	K14188
M00725	K03740
M00726	K19077
M00726	K19078
M00726	K14205
M00727	K07640
M00727	K07662
M00727	K01448
M00728	K07640
M00728	K07662
M00728	K04771
M00728	K03673
M00729	K03553
M00729	K01356
M00729	K18555
M00730	K19077
M00730	K19078
M00730	K19079
M00730	K19080
M00731	K19084
M00731	K19083
M00732	K19080
M00732	K19079
M00733	K19077
M00733	K19078
M00734	K19081
M00734	K19082
M00736	K19102
M00736	K19103
M00736	K05375
M00736	K19104
M00736	K19105
M00736	K19106
M00737	K19083
M00737	K19084
M00737	K19081
M00737	K19082
M00737	K11631
M00737	K11632
M00738	K11629
M00738	K11630
M00738	K11631
M00738	K11632
M00739	K19226
M00739	K19227
M00739	K19228
M00739	K19229
M00739	K19230
M00740	K01647
M00740	K01681
M00740	K00031
M00740	K00261
M00740	K19268
M00740	K01846
M00740	K04835
M00740	K19280
M00740	K14449
M00740	K19281
M00740	K19282
M00740	K00024
M00741	K01965
M00741	K01966
M00741	K11263
M00741	K18472
M00741	K19312
M00741	K22568
M00741	K01964
M00741	K15036
M00741	K15037
M00741	K05606
M00741	K01847
M00741	K01848
M00741	K01849
M00742	K07638
M00742	K07659
M00742	K19416
M00742	K04088
M00742	K04087
M00742	K03798
M00743	K07638
M00743	K07659
M00743	K03799
M00744	K07637
M00744	K07660
M00744	K08477
M00745	K18072
M00745	K18073
M00745	K07644
M00745	K07665
M00745	K18297
M00745	K18093
M00746	K13632
M00746	K18513
M00746	K09476
M00747	K19310
M00747	K19309
M00754	K11617
M00754	K11618
M00754	K11619
M00754	K11620
M00760	K19060
M00760	K06979
M00761	K10011
M00761	K07806
M00761	K10012
M00761	K13014
M00762	K19341
M00762	K19340
M00763	K05826
M00763	K19412
M00763	K05828
M00763	K05829
M00763	K05830
M00763	K05831
M00764	K19506
M00764	K19507
M00764	K19508
M00764	K19509
M00765	K19575
M00765	K19578
M00766	K10673
M00766	K04343
M00767	K05804
M00767	K19587
M00767	K19586
M00767	K19585
M00768	K19592
M00768	K19595
M00768	K19594
M00768	K18139
M00769	K18304
M00769	K19591
M00769	K19595
M00769	K19594
M00769	K19593
M00770	K19609
M00770	K19610
M00771	K19616
M00771	K19617
M00772	K19661
M00772	K19641
M00773	K15988
M00773	K15989
M00773	K15990
M00773	K15992
M00773	K15991
M00773	K15993
M00773	K15994
M00773	K15995
M00773	K15996
M00774	K10817
M00774	K14366
M00774	K14367
M00774	K14368
M00774	K15997
M00774	K14370
M00774	K14369
M00775	K16007
M00775	K16008
M00775	K16009
M00775	K13320
M00775	K16010
M00776	K16000
M00776	K16001
M00776	K16002
M00776	K16003
M00776	K16004
M00776	K16005
M00776	K16006
M00777	K14371
M00777	K14372
M00777	K14373
M00777	K14374
M00777	K14375
M00778	K05551
M00778	K05552
M00778	K05553
M00778	K12420
M00778	K05554
M00778	K14249
M00778	K15884
M00778	K15885
M00778	K05555
M00778	K14250
M00778	K15886
M00779	K05556
M00779	K14626
M00779	K14627
M00779	K14628
M00779	K14629
M00779	K14630
M00779	K14631
M00779	K14632
M00780	K14251
M00780	K14252
M00780	K14253
M00780	K14254
M00780	K14255
M00780	K14256
M00780	K21301
M00781	K15941
M00781	K15942
M00781	K15943
M00781	K15944
M00782	K15959
M00782	K15960
M00782	K15961
M00782	K15963
M00782	K15964
M00782	K15965
M00782	K15966
M00782	K15967
M00783	K15968
M00783	K15969
M00783	K15886
M00783	K15970
M00783	K15971
M00783	K15972
M00784	K19566
M00784	K19567
M00784	K19568
M00784	K19569
M00784	K19570
M00785	K19741
M00785	K19723
M00785	K19726
M00785	K19725
M00785	K19724
M00785	K19727
M00786	K18281
M00786	K14132
M00786	K17475
M00786	K18280
M00786	K17827
M00786	K17826
M00786	K14134
M00786	K17825
M00786	K18279
M00787	K19546
M00787	K19547
M00787	K19550
M00787	K19549
M00787	K19548
M00787	K13037
M00788	K19835
M00788	K19834
M00789	K14266
M00789	K19884
M00789	K19885
M00789	K19886
M00789	K19887
M00789	K19888
M00789	K19889
M00790	K14266
M00790	K19981
M00790	K14257
M00790	K19982
M00791	K19971
M00791	K19972
M00791	K10830
M00792	K19975
M00792	K19976
M00792	K19973
M00793	K00973
M00793	K01710
M00793	K01790
M00793	K00067
M00794	K13312
M00794	K13313
M00795	K19855
M00795	K12710
M00795	K17625
M00796	K19853
M00796	K19854
M00796	K13307
M00797	K13308
M00797	K13309
M00797	K13310
M00797	K16436
M00797	K13311
M00797	K13326
M00798	K16435
M00798	K13315
M00798	K13317
M00798	K13316
M00798	K16438
M00798	K13318
M00799	K16435
M00799	K13315
M00799	K16438
M00799	K19856
M00799	K19857
M00800	K16435
M00800	K16436
M00800	K13326
M00800	K16438
M00800	K13322
M00801	K16435
M00801	K13327
M00801	K19858
M00801	K13319
M00802	K16435
M00802	K13327
M00802	K13328
M00802	K13329
M00802	K13330
M00803	K16435
M00803	K19859
M00803	K16436
M00803	K13332
M00804	K10944
M00804	K10945
M00804	K10946
M00804	K10535
M00804	K00370
M00804	K00371
M00805	K20075
M00805	K20076
M00805	K20077
M00805	K20078
M00805	K20079
M00805	K20080
M00805	K20081
M00805	K20082
M00806	K02777
M00806	K20107
M00806	K20108
M00807	K20112
M00807	K20113
M00807	K20114
M00808	K20086
M00808	K20087
M00808	K20088
M00808	K20089
M00808	K20090
M00809	K20116
M00809	K20117
M00809	K20118
M00810	K19818
M00810	K19819
M00810	K19820
M00810	K19826
M00810	K19890
M00810	K19185
M00810	K19186
M00810	K19187
M00810	K19188
M00810	K20155
M00811	K20170
M00811	K20169
M00811	K20170
M00811	K20158
M00811	K19700
M00811	K20171
M00811	K20172
M00811	K15359
M00811	K18276
M00812	K20339
M00812	K20340
M00813	K20459
M00813	K20460
M00813	K20461
M00814	K19969
M00814	K19979
M00814	K19974
M00814	K20424
M00814	K20425
M00814	K20426
M00814	K20427
M00814	K20430
M00815	K19969
M00815	K20431
M00815	K20432
M00815	K20433
M00815	K20434
M00815	K20435
M00815	K20436
M00815	K20437
M00815	K20438
M00816	K20487
M00816	K20488
M00817	K20491
M00817	K20492
M00817	K20494
M00817	K20490
M00818	K20263
M00818	K20264
M00819	K12250
M00819	K15907
M00819	K18056
M00819	K17747
M00819	K18091
M00819	K18057
M00819	K17476
M00820	K20973
M00820	K20974
M00820	K20975
M00820	K20976
M00820	K20977
M00821	K21136
M00821	K21137
M00821	K21134
M00821	K12340
M00822	K21135
M00822	K21133
M00822	K18139
M00823	K14251
M00823	K14252
M00823	K14253
M00823	K14254
M00823	K14255
M00823	K14256
M00823	K21301
M00823	K14257
M00823	K21297
M00824	K15314
M00824	K21160
M00824	K21161
M00824	K21162
M00824	K21163
M00824	K21164
M00824	K21165
M00824	K21166
M00824	K21167
M00825	K15314
M00825	K21168
M00825	K21169
M00825	K21170
M00825	K21171
M00825	K21172
M00825	K21173
M00825	K21174
M00826	K20159
M00826	K21175
M00826	K20156
M00826	K21176
M00826	K21177
M00826	K21178
M00826	K21179
M00827	K21183
M00827	K21181
M00827	K21182
M00827	K16431
M00827	K21184
M00827	K21185
M00828	K21183
M00828	K21181
M00828	K21182
M00828	K21188
M00829	K15320
M00829	K21191
M00829	K21192
M00830	K20422
M00830	K20420
M00830	K20421
M00830	K20423
M00831	K21221
M00831	K21222
M00831	K21223
M00831	K21224
M00831	K21225
M00832	K21183
M00832	K21227
M00832	K21228
M00832	K16431
M00832	K21185
M00833	K21254
M00833	K21255
M00833	K21256
M00833	K21257
M00833	K21258
M00833	K21259
M00833	K21260
M00833	K21261
M00833	K21262
M00833	K21263
M00834	K21254
M00834	K21255
M00834	K21256
M00834	K21257
M00834	K21258
M00835	K13063
M00835	K20261
M00835	K06998
M00835	K20260
M00835	K20262
M00835	K21103
M00835	K20940
M00836	K22011
M00836	K22012
M00836	K21610
M00836	K21611
M00836	K21612
M00837	K21780
M00837	K21781
M00837	K21782
M00837	K21783
M00837	K21784
M00837	K21785
M00837	K21786
M00837	K21428
M00837	K21778
M00837	K21779
M00837	K21787
M00838	K21780
M00838	K21781
M00838	K21782
M00838	K21783
M00838	K21784
M00838	K21785
M00838	K21786
M00838	K21791
M00838	K21792
M00838	K21793
M00838	K21787
M00839	K00936
M00839	K22010
M00840	K14652
M00840	K22100
M00840	K01633
M00840	K13941
M00840	K22099
M00840	K00287
M00841	K01495
M00841	K22101
M00841	K00950
M00841	K00796
M00841	K11754
M00841	K13998
M00842	K01495
M00842	K01737
M00842	K00072
M00843	K01495
M00843	K01737
M00843	K17745
M00844	K00611
M00844	K01940
M00844	K01755
M00844	K14681
M00845	K22478
M00845	K00145
M00845	K00821
M00845	K09065
M00845	K01438
M00845	K01940
M00845	K01755
M00846	K01885
M00846	K14163
M00846	K02492
M00846	K01845
M00846	K01698
M00846	K01749
M00846	K01719
M00846	K13542
M00846	K13543
M00846	K02302
M00846	K00589
M00846	K02303
M00846	K02496
M00846	K13542
M00846	K13543
M00846	K02304
M00846	K03794
M00847	K22225
M00847	K22226
M00847	K22227
M00848	K09460
M00848	K02078
M00848	K14245
M00848	K14246
M00848	K22798
M00848	K22799
M00848	K22800
M00848	K21272
M00848	K21271
M00848	K22801
M00848	K22802
M00849	K00626
M00849	K01641
M00849	K00021
M00849	K00054
M00849	K00869
M00849	K17942
M00849	K18689
M00849	K18690
M00849	K22813
M00849	K06981
M00849	K01823
M00850	K10928
M00850	K10929
M00850	K10954
M00850	K10952
M00850	K10953
M00850	K10948
M00850	K11018
M00851	K18768
M00851	K18970
M00851	K19316
M00851	K22346
M00851	K18794
M00851	K19318
M00851	K18971
M00851	K18793
M00851	K19319
M00851	K19320
M00851	K19321
M00851	K19322
M00851	K18972
M00851	K19211
M00851	K18976
M00851	K21277
M00851	K18782
M00851	K18781
M00851	K18780
M00851	K19099
M00851	K19216
M00852	K10961
M00852	K10920
M00852	K10919
M00852	K10930
M00852	K10931
M00852	K10962
M00852	K10932
M00852	K10963
M00852	K10933
M00852	K10964
M00852	K10965
M00852	K10934
M00852	K10935
M00852	K10966
M00853	K22850
M00853	K22851
M00853	K22852
M00853	K22853
M00853	K22854
M00854	K00963
M00854	K00693
M00854	K00750
M00854	K16150
M00854	K16153
M00854	K13679
M00854	K20812
M00854	K00975
M00854	K00703
M00854	K13679
M00854	K20812
M00854	K00700
M00854	K16149
M00855	K00688
M00855	K16153
M00855	K01196
M00855	K00705
M00855	K22451
M00855	K02438
M00855	K01200
M00855	K15779
M00855	K01835
M00855	K15778
M00856	K11014
M00856	K11023
M00856	K19298
M00856	K22918
M00857	K22914
M00857	K22926
M00857	K22925
M00857	K22915
M00857	K22916
M00857	K22917
M00857	K22924
M00857	K22921
M00857	K22923
M00857	K22922
M00858	K22921
M00858	K22922
M00858	K22923
M00859	K11030
M00859	K08645
M00859	K11029
M00860	K22976
M00860	K22977
M00860	K22980
M00860	K07282
M00860	K22116
M00860	K01932
M00860	K22981
M00861	K00232
M00861	K12405
M00861	K07513
M00861	K08764
M00862	K10214
M00862	K12405
M00862	K08764
M00863	K23055
M00863	K23056
M00863	K23057
M00863	K23058
M00864	K23060
M00864	K23059
M00864	K17077
M00865	K23061
M00865	K23062
M00865	K23063
M00865	K23064
M00866	K00677
M00866	K02535
M00866	K16363
M00866	K02536
M00866	K03269
M00866	K00748
M00866	K00912
M00866	K02527
M00866	K02517
M00866	K09778
M00867	K12977
M00867	K03760
M00867	K23082
M00867	K23083
M00867	K23159
M00867	K09953
M00868	K00643
M00868	K01698
M00868	K01749
M00868	K01719
M00868	K01599
M00868	K00228
M00868	K00231
M00868	K01772
M00872	K00728
M00872	K18207
M00872	K09654
M00872	K17547
M00872	K21031
M00872	K19872
M00872	K19873
M00872	K21052
M00872	K21032
M00872	K09668
